side,formation_window,horizon,component,subgroup_type,subgroup,low_mean_markout_bps,high_mean_markout_bps,high_minus_low_markout_bps,rank_correlation,observation_count,low_count,high_count
buy,1,1,market_flow,all,all,0.00590686242415515,,,-0.007222104529151491,208413,153535,0
buy,1,1,cancellation,all,all,-0.14787967560787366,0.19919675879006518,0.34707643439793884,0.10563667503095737,208413,71932,9663
buy,1,1,negative_replenishment,all,all,0.36208344392221037,-0.1917379396031219,-0.5538213835253323,-0.15728511632859637,208413,34380,32455
buy,1,1,P2_market_cancel_raw,all,all,-0.13623847893969374,0.17762309856177413,0.31386157750146787,0.09775877004726582,208413,51290,25129
buy,1,1,P3_full_raw,all,all,0.33581709124076675,-0.15328797034087213,-0.4891050615816389,-0.1430239620863648,208413,47154,28309
buy,1,1,P3_depth_normalized,all,all,0.10268356679770005,-0.07490254660119489,-0.17758611339889493,-0.06371804118195482,208413,74941,22452
buy,1,1,inverse_depth_denominator,all,all,0.31820703931273736,-0.20687541307607704,-0.5250824523888145,-0.15308007807718538,208413,15711,51775
buy,1,5,market_flow,all,all,0.007178695163557697,,,-0.008599100881752931,208353,153488,0
buy,1,5,cancellation,all,all,-0.39009857008697857,0.5266580348815064,0.916756604968485,0.12338867461071763,208353,71901,9663
buy,1,5,negative_replenishment,all,all,0.7413791390777181,-0.5303966459625746,-1.2717757850402927,-0.15668277606956155,208353,34377,32445
buy,1,5,P2_market_cancel_raw,all,all,-0.3629456057954354,0.41957956565779625,0.7825251714532316,0.11515980549510198,208353,51265,25126
buy,1,5,P3_full_raw,all,all,0.6440740642112708,-0.36659635460496,-1.0106704188162308,-0.12383523629771175,208353,47139,28304
buy,1,5,P3_depth_normalized,all,all,0.1854002174042151,-0.1335507825515945,-0.3189509999558096,-0.030035563738565262,208353,74916,22448
buy,1,5,inverse_depth_denominator,all,all,0.8373760724205326,-0.5044685178701926,-1.3418445902907252,-0.1714999570700363,208353,15710,51754
buy,1,10,market_flow,all,all,-0.011185112268566033,,,-0.00536587743657776,208278,153429,0
buy,1,10,cancellation,all,all,-0.589355507046881,0.7613782481191155,1.3507337551659964,0.12303213231778584,208278,71864,9662
buy,1,10,negative_replenishment,all,all,0.9959354745763889,-0.7441960455507984,-1.7401315201271874,-0.14279324760442516,208278,34367,32426
buy,1,10,P2_market_cancel_raw,all,all,-0.5254901586431147,0.6178668868672317,1.1433570455103463,0.11591608888296322,208278,51240,25125
buy,1,10,P3_full_raw,all,all,0.7969875093852944,-0.48699210772732376,-1.283979617112618,-0.10500488249949559,208278,47122,28293
buy,1,10,P3_depth_normalized,all,all,0.18706392895547175,-0.13113590959155969,-0.31819983854703143,-0.01951084727265782,208278,74887,22438
buy,1,10,inverse_depth_denominator,all,all,1.188169516326774,-0.7283463758873076,-1.9165158922140817,-0.16152654545261602,208278,15708,51727
buy,1,30,market_flow,all,all,-0.043979027409311505,,,-6.365242039622469e-05,207978,153178,0
buy,1,30,cancellation,all,all,-0.851923501131662,0.9059916830379754,1.7579151841696374,0.07940042790019654,207978,71751,9646
buy,1,30,negative_replenishment,all,all,1.1935098036878053,-1.0967352727376587,-2.290245076425464,-0.09129638178077526,207978,34305,32368
buy,1,30,P2_market_cancel_raw,all,all,-0.6201369135264015,0.5935403932877101,1.2136773068141116,0.07362277286283105,207978,51149,25086
buy,1,30,P3_full_raw,all,all,0.9056408639472968,-0.8612073439999129,-1.7668482079472096,-0.06893736874247428,207978,47047,28243
buy,1,30,P3_depth_normalized,all,all,0.2153468810034826,-0.4945611885826548,-0.7099080695861374,-0.018531718420888486,207978,74774,22402
buy,1,30,inverse_depth_denominator,all,all,1.3668787590825184,-1.006884757486001,-2.3737635165685194,-0.09991146648311924,207978,15687,51636
buy,1,60,market_flow,all,all,-0.08822790143582661,,,-0.004317090883350874,207528,152853,0
buy,1,60,cancellation,all,all,-1.0821518295795955,0.7958442510098515,1.8779960805894471,0.05426719112886329,207528,71632,9628
buy,1,60,negative_replenishment,all,all,1.2411171323247536,-1.2815975425531314,-2.522714674877885,-0.06138696879669481,207528,34240,32308
buy,1,60,P2_market_cancel_raw,all,all,-0.6976749460639388,0.5004601989278059,1.1981351449917446,0.049140738340113246,207528,51083,25039
buy,1,60,P3_full_raw,all,all,0.8526992746816185,-1.1243543845963793,-1.9770536592779977,-0.052241601760896504,207528,46947,28178
buy,1,60,P3_depth_normalized,all,all,0.18590304070980265,-0.8698566124996387,-1.0557596532094413,-0.022838502684993427,207528,74595,22349
buy,1,60,inverse_depth_denominator,all,all,1.0816232951715232,-1.0073278334199571,-2.0889511285914804,-0.0649139798127771,207528,15654,51510
buy,1,300,market_flow,all,all,-0.9434020000160609,,,0.003016593242153461,203928,150164,0
buy,1,300,cancellation,all,all,-2.392811281175829,-1.5989010084121693,0.7939102727636596,0.01653692828437284,203928,70285,9481
buy,1,300,negative_replenishment,all,all,-0.16025199433712609,-1.9437691333871303,-1.7835171390500042,-0.01873907948111618,203928,33737,31597
buy,1,300,P2_market_cancel_raw,all,all,-1.6233436574979667,-1.1511936912449043,0.4721499662530624,0.016654027324881773,203928,50156,24610
buy,1,300,P3_full_raw,all,all,-0.5794745880324098,-1.3752289120064785,-0.7957543239740686,-0.015854042182335427,203928,46203,27612
buy,1,300,P3_depth_normalized,all,all,-0.7869057052122445,-1.9859737713601266,-1.1990680661478823,-0.013185616547073798,203928,73382,21879
buy,1,300,inverse_depth_denominator,all,all,-1.3641632427101622,-1.5477561768001988,-0.18359293409003663,-0.009909859085831942,203928,15428,50558
buy,2,1,market_flow,all,all,0.004581627485514663,,,-0.008048596573240575,208413,116007,0
buy,2,1,cancellation,all,all,-0.15130048031806953,0.15948460407860335,0.31078508439667285,0.09148637389161056,208413,49454,23237
buy,2,1,negative_replenishment,all,all,0.2978820427041599,-0.17820866153828488,-0.4760907042424448,-0.13846615954917754,208413,33036,32245
buy,2,1,P2_market_cancel_raw,all,all,-0.12892231082162897,0.14499840692480018,0.2739207177464291,0.08516269706495375,208413,48802,23430
buy,2,1,P3_full_raw,all,all,0.27558359856622283,-0.1428494541381925,-0.41843305270441533,-0.1282569572695674,208413,48219,27307
buy,2,1,P3_depth_normalized,all,all,0.08194977700248256,-0.06822682637964438,-0.15017660338212693,-0.05548852390572422,208413,79137,21016
buy,2,1,inverse_depth_denominator,all,all,0.2657922580281721,-0.18749214940857295,-0.45328440743674503,-0.1309359357487834,208413,14890,51928
buy,2,5,market_flow,all,all,-0.0005002396685383968,,,-0.013337433265741643,208353,115966,0
buy,2,5,cancellation,all,all,-0.4312814890483918,0.4272472446080889,0.8585287336564806,0.11744346484102988,208353,49435,23234
buy,2,5,negative_replenishment,all,all,0.6792766282714618,-0.525104374768425,-1.2043810030398867,-0.14809993625013687,208353,33033,32235
buy,2,5,P2_market_cancel_raw,all,all,-0.3666230397993763,0.37338795465463204,0.7400109944540083,0.1106050732847379,208353,48781,23427
buy,2,5,P3_full_raw,all,all,0.5570771676327253,-0.3796865374479389,-0.9367637050806642,-0.11789323892912909,208353,48205,27304
buy,2,5,P3_depth_normalized,all,all,0.13918430593935455,-0.13208521958395297,-0.2712695255233075,-0.024441781011674,208353,79111,21013
buy,2,5,inverse_depth_denominator,all,all,0.7887798783633463,-0.47509150328070066,-1.263871381644047,-0.15773252319725606,208353,14889,51913
buy,2,10,market_flow,all,all,-0.025536644447588384,,,-0.008368517617854721,208278,115920,0
buy,2,10,cancellation,all,all,-0.6588766169213962,0.6255194418790571,1.2843960588004533,0.1166293079907144,208278,49408,23233
buy,2,10,negative_replenishment,all,all,0.9487041303424135,-0.7697082373000939,-1.7184123676425074,-0.1372435778948514,208278,33024,32218
buy,2,10,P2_market_cancel_raw,all,all,-0.554835743536729,0.5755436481661759,1.1303793917029048,0.11051379917535321,208278,48757,23426
buy,2,10,P3_full_raw,all,all,0.7168563844661465,-0.5447570952978174,-1.2616134797639638,-0.10550675269954768,208278,48191,27292
buy,2,10,P3_depth_normalized,all,all,0.13739264454397668,-0.13656165269337167,-0.2739542972373483,-0.017178814682998436,208278,79074,21003
buy,2,10,inverse_depth_denominator,all,all,1.1414982958286342,-0.6974352224199264,-1.8389335182485604,-0.15218131890341896,208278,14888,51889
buy,2,30,market_flow,all,all,-0.054392047084371474,,,-0.004139913889661886,207978,115711,0
buy,2,30,cancellation,all,all,-0.9457536291589169,0.7284582075804596,1.6742118367393766,0.07635284189396352,207978,49336,23195
buy,2,30,negative_replenishment,all,all,1.1817944672420395,-1.1588914992913424,-2.340685966533382,-0.08795291345331112,207978,32961,32156
buy,2,30,P2_market_cancel_raw,all,all,-0.6284476251614558,0.5300179942448826,1.1584656194063383,0.07165084231824803,207978,48681,23387
buy,2,30,P3_full_raw,all,all,0.8556571207441325,-0.9399650833700895,-1.795622204114222,-0.06947267255694496,207978,48122,27242
buy,2,30,P3_depth_normalized,all,all,0.1798436954908291,-0.47198256703585095,-0.6518262625266801,-0.018320381825482856,207978,78962,20972
buy,2,30,inverse_depth_denominator,all,all,1.2516100523540878,-1.0014413092838903,-2.2530513616379784,-0.09395474554403212,207978,14871,51805
buy,2,60,market_flow,all,all,-0.1215008152229154,,,-0.006573252297051975,207528,115486,0
buy,2,60,cancellation,all,all,-1.2487062815931527,0.6674162025785455,1.9161224841716982,0.04963272537934212,207528,49267,23154
buy,2,60,negative_replenishment,all,all,1.211711564922124,-1.3428759310070681,-2.554587495929192,-0.06026121999540126,207528,32890,32104
buy,2,60,P2_market_cancel_raw,all,all,-0.7568920603489455,0.37051010703636245,1.1274021673853079,0.04540220986184218,207528,48601,23346
buy,2,60,P3_full_raw,all,all,0.8025416713758033,-1.2264244084277585,-2.0289660798035616,-0.05260099734334252,207528,48010,27189
buy,2,60,P3_depth_normalized,all,all,0.16331229894886778,-0.8948701259476028,-1.0581824248964706,-0.023999162148775795,207528,78777,20924
buy,2,60,inverse_depth_denominator,all,all,0.916251353578315,-1.0218773010264224,-1.9381286546047374,-0.06166554828009952,207528,14842,51683
buy,2,300,market_flow,all,all,-0.726946762821212,,,0.00028366919124431434,203928,113411,0
buy,2,300,cancellation,all,all,-2.7022970219795943,-1.4833086370429183,1.218988384936676,0.014312625656141938,203928,48323,22760
buy,2,300,negative_replenishment,all,all,-0.2611296701983364,-2.225380700978548,-1.9642510307802117,-0.018939958830428885,203928,32377,31392
buy,2,300,P2_market_cancel_raw,all,all,-1.8079679125834067,-1.4129226086556905,0.3950453039277162,0.014539254601593011,203928,47679,22960
buy,2,300,P3_full_raw,all,all,-0.8036465794290311,-1.6523354683511147,-0.8486888889220836,-0.016036678450304247,203928,47267,26633
buy,2,300,P3_depth_normalized,all,all,-0.9568220604256101,-2.174423368591392,-1.217601308165782,-0.01591955429483445,203928,77512,20427
buy,2,300,inverse_depth_denominator,all,all,-1.6842063409011168,-1.5831252949366916,0.10108104596442513,-0.008576154202902043,203928,14620,50765
buy,5,1,market_flow,all,all,0.003101957544214084,-0.07351094874157098,-0.07661290628578506,-0.00668025100332645,208413,75790,20758
buy,5,1,cancellation,all,all,-0.13366915317874695,0.12294568953622838,0.2566148427149753,0.07533290238372976,208413,45818,20552
buy,5,1,negative_replenishment,all,all,0.2178254161254317,-0.17055389276438046,-0.38837930888981215,-0.11178837361052556,208413,30399,32680
buy,5,1,P2_market_cancel_raw,all,all,-0.11616557574988927,0.10394143963297739,0.22010701538286664,0.07201368712028564,208413,45461,20703
buy,5,1,P3_full_raw,all,all,0.18381477011511035,-0.14032780068932085,-0.3241425708044312,-0.10556780653846129,208413,49667,26331
buy,5,1,P3_depth_normalized,all,all,0.04768511659314402,-0.0636155797303707,-0.11130069632351472,-0.039732467922007415,208413,86803,19016
buy,5,1,inverse_depth_denominator,all,all,0.19071398123121708,-0.14642851936285797,-0.337142500594075,-0.10118405951716813,208413,13593,52555
buy,5,5,market_flow,all,all,-0.009323835379624015,-0.17866249701237452,-0.16933866163275052,-0.012214093975451666,208353,75758,20758
buy,5,5,cancellation,all,all,-0.42237235858706973,0.39238980647850363,0.8147621650655734,0.1074631022862802,208353,45804,20552
buy,5,5,negative_replenishment,all,all,0.6022203273426308,-0.5078816750481976,-1.1101020023908283,-0.13107294104880732,208353,30396,32672
buy,5,5,P2_market_cancel_raw,all,all,-0.36299241397606113,0.3240845177456349,0.687076931721696,0.10322359172400462,208353,45447,20703
buy,5,5,P3_full_raw,all,all,0.4245516922365467,-0.3930953464345518,-0.8176470386710986,-0.10907447868135485,208353,49659,26325
buy,5,5,P3_depth_normalized,all,all,0.07613056893764353,-0.14624815083953874,-0.22237871977718227,-0.01771218641363264,208353,86769,19011
buy,5,5,inverse_depth_denominator,all,all,0.6453031930833102,-0.41322160766947214,-1.0585248007527823,-0.13491588703937454,208353,13593,52547
buy,5,10,market_flow,all,all,-0.04537655782052967,-0.23354394401445563,-0.18816738619392598,-0.008197189424588042,208278,75716,20753
buy,5,10,cancellation,all,all,-0.6820557801981434,0.5638584874020445,1.2459142676001878,0.10849619239360299,208278,45778,20551
buy,5,10,negative_replenishment,all,all,0.8674498731108132,-0.7886705209178169,-1.6561203940286302,-0.1253023704494342,208278,30389,32657
buy,5,10,P2_market_cancel_raw,all,all,-0.5548575112359656,0.47927996021803837,1.034137471454004,0.10436207481280059,208278,45426,20702
buy,5,10,P3_full_raw,all,all,0.5876672480140821,-0.6214817489321359,-1.209148996946218,-0.0998682390513912,208278,49646,26311
buy,5,10,P3_depth_normalized,all,all,0.088700543731942,-0.23775312499760695,-0.32645366872954895,-0.011350614332936746,208278,86733,18998
buy,5,10,inverse_depth_denominator,all,all,0.9644978601317094,-0.620816755892877,-1.5853146160245863,-0.13181704182115206,208278,13593,52526
buy,5,30,market_flow,all,all,-0.05437962801762365,-0.9543544685597601,-0.8999748405421365,-0.006521286478365914,207978,75574,20735
buy,5,30,cancellation,all,all,-0.9202823937976441,0.7198364422882676,1.6401188360859118,0.06875323288628654,207978,45700,20517
buy,5,30,negative_replenishment,all,all,1.1379222354544873,-1.2156994388896847,-2.353621674344172,-0.08136136435349049,207978,30330,32599
buy,5,30,P2_market_cancel_raw,all,all,-0.6610126116365623,0.3885242007149437,1.049536812351506,0.06555099611771556,207978,45346,20669
buy,5,30,P3_full_raw,all,all,0.7551722737154997,-1.1110559212481819,-1.8662281949636816,-0.06800204269799041,207978,49572,26266
buy,5,30,P3_depth_normalized,all,all,0.1108978357592308,-0.6924306978322234,-0.8033285335914543,-0.015975998360313867,207978,86617,18965
buy,5,30,inverse_depth_denominator,all,all,0.8979281628507729,-0.8279744429147468,-1.7259026057655196,-0.081869905941777,207978,13578,52431
buy,5,60,market_flow,all,all,-0.1401050483553427,-1.7679518908923306,-1.6278468425369879,-0.004634239143637916,207528,75445,20692
buy,5,60,cancellation,all,all,-1.278011676859472,0.5831353151161287,1.8611469919756007,0.04444755980709617,207528,45624,20487
buy,5,60,negative_replenishment,all,all,1.113619549951548,-1.40082066792635,-2.514440217877898,-0.057184190669326805,207528,30267,32549
buy,5,60,P2_market_cancel_raw,all,all,-0.871985821692823,0.09994526507129085,0.9719310867641139,0.04143457732713131,207528,45269,20639
buy,5,60,P3_full_raw,all,all,0.7434420496879581,-1.4449146588014832,-2.188356708489441,-0.05311818384492592,207528,49455,26219
buy,5,60,P3_depth_normalized,all,all,0.11073455790168744,-1.1205939722485754,-1.2313285301502628,-0.02470367011323624,207528,86416,18920
buy,5,60,inverse_depth_denominator,all,all,0.34474627617760034,-0.7373703715008848,-1.0821166476784851,-0.05272348366554392,207528,13548,52320
buy,5,300,market_flow,all,all,-0.4146012824023867,-2.9355359576063798,-2.520934675203993,0.0034804706028542915,203928,73988,20209
buy,5,300,cancellation,all,all,-2.47356519136755,-1.6723308001788424,0.8012343911887077,0.007696911375569877,203928,44675,20138
buy,5,300,negative_replenishment,all,all,-0.5724604681104535,-2.0323156075476234,-1.45985513943717,-0.017251964983291297,203928,29819,31813
buy,5,300,P2_market_cancel_raw,all,all,-1.8949581422362807,-1.550369496624176,0.3445886456121048,0.008712514009298601,203928,44341,20286
buy,5,300,P3_full_raw,all,all,-0.8129753261648224,-1.3987933450213852,-0.5858180188565628,-0.01743034161356634,203928,48735,25669
buy,5,300,P3_depth_normalized,all,all,-1.1122375547391756,-2.340225582310487,-1.2279880275713115,-0.01939746352695457,203928,85013,18486
buy,5,300,inverse_depth_denominator,all,all,-2.975956797794289,-1.3231051684207975,1.6528516293734914,-0.003482317792512684,203928,13331,51384
buy,10,1,market_flow,all,all,0.00133302913955093,-0.033337595178274185,-0.03467062431782512,-0.007470770361845077,208413,54377,39296
buy,10,1,cancellation,all,all,-0.10960819378312732,0.10667925860868847,0.2162874523918158,0.06256360391901272,208413,49192,18323
buy,10,1,negative_replenishment,all,all,0.16283922308858456,-0.14531021191057325,-0.3081494349991578,-0.08885864535406215,208413,28375,33963
buy,10,1,P2_market_cancel_raw,all,all,-0.09861445136936882,0.08831745433563237,0.18693190570500118,0.06016774396665571,208413,48683,18487
buy,10,1,P3_full_raw,all,all,0.12394801522186004,-0.13374930465878554,-0.2576973198806456,-0.08207714774805458,208413,51319,25715
buy,10,1,P3_depth_normalized,all,all,0.02502455800501227,-0.06126049387743174,-0.08628505188244401,-0.023047612661927085,208413,94234,16812
buy,10,1,inverse_depth_denominator,all,all,0.14460971202541612,-0.11054582264207909,-0.2551555346674952,-0.08210697496185475,208413,12381,54155
buy,10,5,market_flow,all,all,-0.027623869989917754,-0.10993381692113119,-0.08230994693121343,-0.014676152056510468,208353,54348,39290
buy,10,5,cancellation,all,all,-0.37463500842346564,0.34323572921450474,0.7178707376379704,0.0927444082347169,208353,49171,18322
buy,10,5,negative_replenishment,all,all,0.5044285929561677,-0.4769579472866155,-0.9813865402427833,-0.11107164853230359,208353,28371,33951
buy,10,5,P2_market_cancel_raw,all,all,-0.3188941092868964,0.28945803973636086,0.6083521490232573,0.08917693193690603,208353,48662,18486
buy,10,5,P3_full_raw,all,all,0.2958825482342439,-0.44166558036212966,-0.7375481285963736,-0.0929947439347391,208353,51307,25706
buy,10,5,P3_depth_normalized,all,all,0.04026759243907195,-0.19305621369901813,-0.23332380613809006,-0.00867206045973256,208353,94201,16804
buy,10,5,inverse_depth_denominator,all,all,0.5301534557505632,-0.33456337879054493,-0.864716834541108,-0.11293421988537493,208353,12381,54138
buy,10,10,market_flow,all,all,-0.06283906588430445,-0.18415531565257004,-0.12131624976826559,-0.009978004857265443,208278,54315,39280
buy,10,10,cancellation,all,all,-0.5798048374312292,0.5056657684168261,1.0854706058480552,0.09155581022854477,208278,49137,18320
buy,10,10,negative_replenishment,all,all,0.7612899218142163,-0.7305939448136974,-1.4918838666279137,-0.10531656742172968,208278,28359,33937
buy,10,10,P2_market_cancel_raw,all,all,-0.5033195336155645,0.3801610962155497,0.8834806298311142,0.08732060356563445,208278,48633,18484
buy,10,10,P3_full_raw,all,all,0.4161803663534511,-0.7111345965380611,-1.1273149628915122,-0.08718651157606783,208278,51287,25689
buy,10,10,P3_depth_normalized,all,all,0.058737085865705294,-0.37538651793114486,-0.43412360379685017,-0.008509562208744742,208278,94160,16790
buy,10,10,inverse_depth_denominator,all,all,0.7656307597456242,-0.4870347492386409,-1.252665508984265,-0.10774019289197391,208278,12380,54122
buy,10,30,market_flow,all,all,-0.048164578047921486,-0.6007352366977396,-0.5525706586498181,-0.005901272721789047,207978,54216,39239
buy,10,30,cancellation,all,all,-0.804213585174984,0.7462526227583995,1.5504662079333835,0.05762832153344835,207978,49066,18290
buy,10,30,negative_replenishment,all,all,1.0926463117117988,-1.1154720128045976,-2.2081183245163967,-0.0706902510479891,207978,28304,33868
buy,10,30,P2_market_cancel_raw,all,all,-0.6362700506994743,0.25561939340064127,0.8918894441001155,0.05475355394758836,207978,48563,18454
buy,10,30,P3_full_raw,all,all,0.6119556566008376,-1.3291267251901706,-1.9410823817910083,-0.06369051585235921,207978,51204,25619
buy,10,30,P3_depth_normalized,all,all,0.11996542410365696,-0.9262252731759888,-1.0461906972796458,-0.017374151693970403,207978,94037,16753
buy,10,30,inverse_depth_denominator,all,all,0.529663116730617,-0.6276465855332931,-1.15730970226391,-0.06830367567541927,207978,12369,54024
buy,10,60,market_flow,all,all,-0.16712732912493597,-1.0385767772217005,-0.8714494480967645,-0.006387757908531114,207528,54108,39145
buy,10,60,market_flow,test_day,2021-04-17,-0.34021037992888387,-0.2194458440272063,0.12076453590167757,0.0017448100189070505,86029,24821,13776
buy,10,60,market_flow,test_day,2021-04-18,-0.340552181892883,-1.8072391732678514,-1.4666869913749685,0.002205895910138404,86029,17009,21519
buy,10,60,market_flow,test_day,2021-04-19,0.42302397603346104,0.3267474733834332,-0.09627650265002785,-0.011424310099571273,35470,12278,3850
buy,10,60,market_flow,depth_tercile,low,-0.4283594297974931,-1.4308919396147637,-1.0025325098172706,-0.0045866142810141305,95069,26507,15606
buy,10,60,market_flow,depth_tercile,middle,-0.10696491667603618,-0.4628240652904903,-0.3558591486144541,-0.0058506986180603,81880,20359,16646
buy,10,60,market_flow,depth_tercile,high,0.6198973515544782,-1.5407542352952217,-2.1606515868497,-0.006668713043781453,30579,7242,6893
buy,10,60,market_flow,volatility_tercile,low,0.23886501897618143,-1.105738730187399,-1.3446037491635805,-0.022153022070084287,37445,12066,4801
buy,10,60,market_flow,volatility_tercile,middle,-0.06458979119744773,0.19476959598292926,0.259359387180377,0.008944135737170828,54779,16291,7319
buy,10,60,market_flow,volatility_tercile,high,-0.4222297601980901,-1.3606643838561638,-0.9384346236580737,-0.0003726323341198069,115304,25751,27025
buy,10,60,market_flow,spread_regime,middle,-0.16712732912493597,-1.0385767772217005,-0.8714494480967645,-0.006387757908531114,207528,54108,39145
buy,10,60,cancellation,all,all,-1.1105849887067103,0.6797922018881265,1.7903771905948367,0.03422437709421181,207528,48980,18262
buy,10,60,cancellation,test_day,2021-04-17,-0.8326059622668386,0.12251641173974827,0.9551223740065868,0.04579278035920106,86029,18081,10318
buy,10,60,cancellation,test_day,2021-04-18,-1.7767104391924093,1.6005914565021229,3.377301895694532,0.02493507055602528,86029,23421,4352
buy,10,60,cancellation,test_day,2021-04-19,0.30358797181297736,1.1649406558610822,0.8613526840481048,0.019997790662285974,35470,7478,3592
buy,10,60,cancellation,depth_tercile,low,-0.9723074375698617,-0.33962418112963755,0.6326832564402242,0.03091759852798595,95069,37551,1326
buy,10,60,cancellation,depth_tercile,middle,-1.7759346111070644,0.5326107425198591,2.3085453536269234,0.010111595425436276,81880,9874,7363
buy,10,60,cancellation,depth_tercile,high,-0.2249246357541131,0.9341997240034623,1.1591243597575753,0.019749875732527816,30579,1555,9573
buy,10,60,cancellation,volatility_tercile,low,-0.3035763766532566,0.25700505423909864,0.5605814308923552,0.04021467943350653,37445,10849,4391
buy,10,60,cancellation,volatility_tercile,middle,-0.4868315291009881,0.703397747359235,1.1902292764602231,0.03296694171431402,54779,14614,4942
buy,10,60,cancellation,volatility_tercile,high,-1.870493543830491,0.8746404222497194,2.7451339660802105,0.03461661016382932,115304,23517,8929
buy,10,60,cancellation,spread_regime,middle,-1.1105849887067103,0.6797922018881265,1.7903771905948367,0.03422437709421181,207528,48980,18262
buy,10,60,negative_replenishment,all,all,1.0611170390710196,-1.2796441745193974,-2.340761213590417,-0.04814332686118951,207528,28246,33814
buy,10,60,negative_replenishment,test_day,2021-04-17,0.4186789773919866,-0.8830603202388759,-1.3017392976308626,-0.05608886780484509,86029,12203,16158
buy,10,60,negative_replenishment,test_day,2021-04-18,1.5519596099335797,-2.288616654988705,-3.8405762649222845,-0.047107337043841874,86029,10748,13469
buy,10,60,negative_replenishment,test_day,2021-04-19,1.5453655216089681,0.43562891408257076,-1.1097366075263975,-0.029268820608427015,35470,5295,4187
buy,10,60,negative_replenishment,depth_tercile,low,0.6916440423453878,-1.1853478175646868,-1.8769918599100746,-0.046505948190535204,95069,457,28458
buy,10,60,negative_replenishment,depth_tercile,middle,1.2580289133659237,-1.413689545304671,-2.6717184586705947,-0.03468243157306407,81880,13977,4244
buy,10,60,negative_replenishment,depth_tercile,high,0.8740776452456308,-3.1812603369334775,-4.0553379821791085,-0.017094215599062077,30579,13812,1112
buy,10,60,negative_replenishment,volatility_tercile,low,0.7461937035956837,-0.8632673158260734,-1.6094610194217571,-0.05289328836001109,37445,2967,12036
buy,10,60,negative_replenishment,volatility_tercile,middle,1.128613263574012,-0.5391442801637514,-1.6677575437377634,-0.05161198799145806,54779,4754,12335
buy,10,60,negative_replenishment,volatility_tercile,high,1.0910074402923637,-2.7776403693843488,-3.8686478096767125,-0.04494755405878547,115304,20525,9443
buy,10,60,negative_replenishment,spread_regime,middle,1.0611170390710196,-1.2796441745193974,-2.340761213590417,-0.04814332686118951,207528,28246,33814
buy,10,60,P2_market_cancel_raw,all,all,-0.8521741720530475,-0.16760065459072687,0.6845735174623206,0.03153731776429685,207528,48479,18426
buy,10,60,P2_market_cancel_raw,test_day,2021-04-17,-0.7862056373213758,0.11597320081976432,0.9021788381411402,0.04474987960936279,86029,18221,10300
buy,10,60,P2_market_cancel_raw,test_day,2021-04-18,-1.2787116465509933,-1.8665413766961052,-0.5878297301451119,0.01935002232097422,86029,22564,4578
buy,10,60,P2_market_cancel_raw,test_day,2021-04-19,0.24249425831163374,1.2013226585632646,0.9588284002516309,0.021388562283782723,35470,7694,3548
buy,10,60,P2_market_cancel_raw,depth_tercile,low,-0.9768275522972824,-0.383316111383925,0.5935114409133573,0.026169591197764075,95069,37566,1310
buy,10,60,P2_market_cancel_raw,depth_tercile,middle,-0.7822671543638685,0.5860457559705493,1.3683129103344178,0.00701321881875975,81880,9552,7354
buy,10,60,P2_market_cancel_raw,depth_tercile,high,2.097845702515569,-0.7063968495168211,-2.80424255203239,0.009103041466809486,30579,1361,9762
buy,10,60,P2_market_cancel_raw,volatility_tercile,low,-0.24063906710552793,0.18208292467368017,0.4227219917792081,0.03849350543959833,37445,10981,4370
buy,10,60,P2_market_cancel_raw,volatility_tercile,middle,-0.44578480290056405,0.68165261916354,1.1274374220641041,0.0322145972042957,54779,14737,4919
buy,10,60,P2_market_cancel_raw,volatility_tercile,high,-1.410331859352765,-0.7920500466212286,0.6182818127315364,0.03097809376925119,115304,22761,9137
buy,10,60,P2_market_cancel_raw,spread_regime,middle,-0.8521741720530475,-0.16760065459072687,0.6845735174623206,0.03153731776429685,207528,48479,18426
buy,10,60,P3_full_raw,all,all,0.5713772541428633,-1.7866935297311062,-2.3580707838739694,-0.048103566956329544,207528,51084,25578
buy,10,60,P3_full_raw,test_day,2021-04-17,0.4012487536061875,-0.8580312752568179,-1.2592800288630053,-0.052692063084367455,86029,17618,14025
buy,10,60,P3_full_raw,test_day,2021-04-18,0.6961891293282663,-3.7323383224279754,-4.428527451756242,-0.04975389321721707,86029,24405,9141
buy,10,60,P3_full_raw,test_day,2021-04-19,0.5660014797863243,0.18704234549284873,-0.3789591342934756,-0.02375719093642615,35470,9061,2412
buy,10,60,P3_full_raw,depth_tercile,low,1.589690067747366,-1.4461814575945895,-3.0358715253419555,-0.05225217658797769,95069,4346,18528
buy,10,60,P3_full_raw,depth_tercile,middle,0.250059110338192,-1.7535514136123267,-2.0036105239505186,-0.04685256596451655,81880,32076,4685
buy,10,60,P3_full_raw,depth_tercile,high,0.972483057768117,-4.520003672040569,-5.492486729808686,-0.008687928616061835,30579,14662,2365
buy,10,60,P3_full_raw,volatility_tercile,low,3.2333268234768453,-0.9351232588210806,-4.168450082297926,-0.03755295544988108,37445,2095,12123
buy,10,60,P3_full_raw,volatility_tercile,middle,0.7988006874637019,-0.5421964342634515,-1.3409971217271535,-0.055795254839638556,54779,6438,8373
buy,10,60,P3_full_raw,volatility_tercile,high,0.4059067267410573,-5.868503953696656,-6.274410680437714,-0.04839624203547995,115304,42551,5082
buy,10,60,P3_full_raw,spread_regime,middle,0.5713772541428633,-1.7866935297311062,-2.3580707838739694,-0.048103566956329544,207528,51084,25578
buy,10,60,P3_depth_normalized,all,all,0.13545780841360777,-1.5160938338883274,-1.6515516423019352,-0.026728823339630618,207528,93821,16718
buy,10,60,P3_depth_normalized,test_day,2021-04-17,0.12747243970712407,0.09239023471442097,-0.035082204992703106,-0.004948998222743531,86029,25846,10473
buy,10,60,P3_depth_normalized,test_day,2021-04-18,0.07696832998627134,-5.509936553579136,-5.586904883565407,-0.050133577379871515,86029,49828,4873
buy,10,60,P3_depth_normalized,test_day,2021-04-19,0.30743133410188045,0.3908609201763378,0.08342958607445733,-0.004091098097153676,35470,18147,1372
buy,10,60,P3_depth_normalized,depth_tercile,low,0.07714454702759166,-1.913925318528229,-1.9910698655558208,-0.057139025710282426,95069,49609,4415
buy,10,60,P3_depth_normalized,depth_tercile,middle,-0.020365001574133183,-1.2874160345325623,-1.267051032958429,-0.041369789721633514,81880,38323,5481
buy,10,60,P3_depth_normalized,depth_tercile,high,1.6407150899994543,-1.4423554893535557,-3.08307057935301,-0.006642559576059899,30579,5889,6822
buy,10,60,P3_depth_normalized,volatility_tercile,low,1.506178836245028,-0.10200699774014073,-1.6081858339851687,0.02000510000003218,37445,5529,9284
buy,10,60,P3_depth_normalized,volatility_tercile,middle,0.25740456502688064,-0.0656969441832699,-0.3231015092101506,-0.008486445957925526,54779,15684,4870
buy,10,60,P3_depth_normalized,volatility_tercile,high,0.004737646811545914,-9.39121670427187,-9.395954351083414,-0.03867706630648751,115304,72608,2564
buy,10,60,P3_depth_normalized,spread_regime,middle,0.13545780841360777,-1.5160938338883274,-1.6515516423019352,-0.026728823339630618,207528,93821,16718
buy,10,60,inverse_depth_denominator,all,all,-0.2825756317459786,-0.4750334381140377,-0.1924578063680591,-0.04110686456500952,207528,12343,53913
buy,10,60,inverse_depth_denominator,test_day,2021-04-17,0.9119981379972697,-0.6775856254113355,-1.5895837634086052,-0.07026557000062014,86029,8790,20791
buy,10,60,inverse_depth_denominator,test_day,2021-04-18,-4.749966562751837,-0.543586265133264,4.206380297618573,-0.017905896207419433,86029,2553,25030
buy,10,60,inverse_depth_denominator,test_day,2021-04-19,0.6223699790688292,0.2574356407773808,-0.3649343382914484,-0.03477119710907042,35470,1000,8092
buy,10,60,inverse_depth_denominator,depth_tercile,low,,-0.4750334381140377,,-0.008535774534681113,95069,0,53913
buy,10,60,inverse_depth_denominator,depth_tercile,middle,,,,-0.025399278138350086,81880,0,0
buy,10,60,inverse_depth_denominator,depth_tercile,high,-0.2825756317459786,,,-0.006628053862545678,30579,12343,0
buy,10,60,inverse_depth_denominator,volatility_tercile,low,1.0613629570912881,-0.19813229044075903,-1.2594952475320471,-0.06528993336028323,37445,3466,11929
buy,10,60,inverse_depth_denominator,volatility_tercile,middle,1.1866582839906892,-0.14649238905444442,-1.3331506730451337,-0.0495891946594303,54779,3682,16950
buy,10,60,inverse_depth_denominator,volatility_tercile,high,-2.22055646459533,-0.8294284437925008,1.3911280208028292,-0.02640625073956223,115304,5195,25034
buy,10,60,inverse_depth_denominator,spread_regime,middle,-0.2825756317459786,-0.4750334381140377,-0.1924578063680591,-0.04110686456500952,207528,12343,53913
buy,10,300,market_flow,all,all,-0.2980130318311094,-3.009999466184577,-2.7119864343534674,0.005209226889888348,203928,52974,38289
buy,10,300,cancellation,all,all,-2.4056582600014407,-1.642961290292526,0.7626969697089148,0.001778826318157661,203928,47892,17989
buy,10,300,negative_replenishment,all,all,-0.5875276497428599,-2.254847119790385,-1.6673194700475251,-0.013062070724799318,203928,27862,33034
buy,10,300,P2_market_cancel_raw,all,all,-1.860444042535613,-1.7228934958943987,0.13755054664121436,0.003407612352566493,203928,47412,18149
buy,10,300,P3_full_raw,all,all,-0.9562980639310484,-1.278410129563891,-0.32211206563284256,-0.015336897119421574,203928,50391,25041
buy,10,300,P3_depth_normalized,all,all,-1.2036882508823208,-2.1999211286989664,-0.9962328778166456,-0.021633384490950407,203928,92329,16333
buy,10,300,inverse_depth_denominator,all,all,-3.7351478141721377,-1.247271669437367,2.487876144734771,0.0023002021529636933,203928,12130,52939
buy,30,1,market_flow,all,all,0.004942333876109744,-0.02894418940439191,-0.03388652328050165,-0.006773428870412937,208413,55260,39117
buy,30,1,cancellation,all,all,-0.05049092822367063,0.05802843435362163,0.10851936257729225,0.0389374932747204,208413,62228,14749
buy,30,1,negative_replenishment,all,all,0.09764631667265866,-0.08357699313055666,-0.18122330980321533,-0.05183874005050254,208413,25404,36594
buy,30,1,P2_market_cancel_raw,all,all,-0.04429060444446769,0.03133468505728668,0.07562528950175437,0.03686322518176329,208413,61827,14943
buy,30,1,P3_full_raw,all,all,0.06304664373249377,-0.09413367522148251,-0.15718031895397627,-0.04635457066233828,208413,53152,24438
buy,30,1,P3_depth_normalized,all,all,0.012919065470726646,-0.05573661524740918,-0.06865568071813583,-0.008131677648020067,208413,106841,13123
buy,30,1,inverse_depth_denominator,all,all,0.08706161243525061,-0.0473603911013616,-0.1344220035366122,-0.048961869362464605,208413,9544,61436
buy,30,5,market_flow,all,all,0.000795624810815616,-0.10966983187866815,-0.11046545668948377,-0.008237263599772962,208353,55242,39109
buy,30,5,cancellation,all,all,-0.16044802911956163,0.18578352503044077,0.3462315541500024,0.058463139040809416,208353,62208,14745
buy,30,5,negative_replenishment,all,all,0.3097889383859713,-0.29117780396291826,-0.6009667423488896,-0.07040778996106906,208353,25396,36577
buy,30,5,P2_market_cancel_raw,all,all,-0.13792741859235766,0.057263729759750116,0.19519114835210777,0.05548040187780583,208353,61807,14939
buy,30,5,P3_full_raw,all,all,0.17401026581845477,-0.351286335807957,-0.5252966016264118,-0.06021740074619876,208353,53140,24427
buy,30,5,P3_depth_normalized,all,all,0.03659200237561355,-0.22899300133513226,-0.2655850037107458,-0.004821987427026149,208353,106800,13115
buy,30,5,inverse_depth_denominator,all,all,0.3264272523998202,-0.13750878420342716,-0.46393603660324734,-0.07074344531466968,208353,9544,61413
buy,30,10,market_flow,all,all,-0.0002297584767461177,-0.203828539650803,-0.2035987811740569,-0.0026360832924428347,208278,55225,39099
buy,30,10,cancellation,all,all,-0.2485576796886691,0.2829047418279629,0.5314624215166319,0.054762398992185574,208278,62187,14740
buy,30,10,negative_replenishment,all,all,0.4970531704606633,-0.46083482873192666,-0.9578879991925899,-0.06427243582956292,208278,25389,36555
buy,30,10,P2_market_cancel_raw,all,all,-0.20562112954073636,0.06114182250608093,0.26676295204681727,0.051216144910316855,208278,61786,14934
buy,30,10,P3_full_raw,all,all,0.25886446800835367,-0.5999247226966529,-0.8587891907050065,-0.055423568796000584,208278,53122,24404
buy,30,10,P3_depth_normalized,all,all,0.06518927906507647,-0.40958248610172093,-0.4747717651667974,-0.006834232532505957,208278,106759,13102
buy,30,10,inverse_depth_denominator,all,all,0.4907164582994391,-0.18305584976351164,-0.6737723080629507,-0.06569812012435605,208278,9544,61384
buy,30,30,market_flow,all,all,0.026784898090772738,-0.5341315589756713,-0.5609164570664441,-0.006112499746682518,207978,55182,39081
buy,30,30,cancellation,all,all,-0.45899090784976404,0.4695561220303796,0.9285470298801437,0.031406795452130695,207978,62112,14720
buy,30,30,negative_replenishment,all,all,0.8247895874725589,-0.6207264521641126,-1.4455160396366715,-0.044220729306411855,207978,25368,36490
buy,30,30,P2_market_cancel_raw,all,all,-0.33670115316293703,-0.03956277403086755,0.2971383791320695,0.02947108583572945,207978,61709,14914
buy,30,30,P3_full_raw,all,all,0.5034884832039334,-1.1187632950877413,-1.6222517782916746,-0.04581429225069598,207978,53024,24340
buy,30,30,P3_depth_normalized,all,all,0.1677940251135881,-1.0682100403349477,-1.2360040654485358,-0.02194847687258657,207978,106604,13051
buy,30,30,inverse_depth_denominator,all,all,0.4032121333606984,-0.14174002666941776,-0.5449521600301162,-0.03915076644100405,207978,9525,61278
buy,30,60,market_flow,all,all,-0.09348460416909732,-0.7326414311951684,-0.6391568270260711,-0.0017242621441100308,207528,55048,39016
buy,30,60,cancellation,all,all,-0.7944123270834755,0.46596426452912526,1.2603765916126008,0.014930316212103115,207528,61956,14692
buy,30,60,negative_replenishment,all,all,0.9107650677627166,-0.7548674168250654,-1.665632484587782,-0.02453095297065452,207528,25347,36405
buy,30,60,P2_market_cancel_raw,all,all,-0.5435412197632229,-0.6553747757879128,-0.11183355602468992,0.01342512420148574,207528,61555,14886
buy,30,60,P3_full_raw,all,all,0.43995440830220034,-1.723703582536297,-2.163657990838497,-0.02824515319043043,207528,52914,24270
buy,30,60,P3_depth_normalized,all,all,0.1951089070073452,-2.200426344434816,-2.395535251442161,-0.02891800003752395,207528,106382,13042
buy,30,60,inverse_depth_denominator,all,all,-0.7637530266037497,0.0627490856430658,0.8265021122468155,-0.013663558259669471,207528,9516,61089
buy,30,300,market_flow,all,all,-0.6305922876757002,-3.319217168947528,-2.688624881271828,0.009647824195152876,203928,54152,38089
buy,30,300,cancellation,all,all,-1.2342497888322206,-2.5130319913278036,-1.278782202495583,-0.015113795950675742,203928,60650,14493
buy,30,300,negative_replenishment,all,all,-1.9534187757419637,-1.6513093302506636,0.30210944549130003,-2.957879296570114e-05,203928,25040,35629
buy,30,300,P2_market_cancel_raw,all,all,-2.277507320085965,-2.6529453066692907,-0.37543798658332594,-0.010858852363579094,203928,60262,14688
buy,30,300,P3_full_raw,all,all,-1.1976573372843886,-0.7198299109659307,0.47782742631845787,-0.007020319711742613,203928,52226,23746
buy,30,300,P3_depth_normalized,all,all,-1.0679215955438623,-0.7868614780665725,0.2810601174772899,-0.026059804282097386,203928,104755,12720
buy,30,300,inverse_depth_denominator,all,all,-5.163763211430709,-0.9727250189336902,4.191038192497018,0.016578340303459067,203928,9311,60003
buy,60,1,market_flow,all,all,0.0028352802837429423,-0.02132326071493454,-0.02415854099867748,-0.0062326208945499935,208413,54680,38694
buy,60,1,cancellation,all,all,-0.031221866153594086,0.02963875299993013,0.06086061915352421,0.03205945525514364,208413,73304,12298
buy,60,1,negative_replenishment,all,all,0.0809602984025288,-0.051199465452967295,-0.1321597638554961,-0.04000602339735669,208413,23666,38184
buy,60,1,P2_market_cancel_raw,all,all,-0.01879890981153282,-0.0008863415664430913,0.017912568245089727,0.029922881259503886,208413,72617,12494
buy,60,1,P3_full_raw,all,all,0.041578818857850044,-0.06407372644328078,-0.10565254530113083,-0.03431732297222423,208413,55037,23201
buy,60,1,P3_depth_normalized,all,all,0.006560630301804834,-0.07624726376402928,-0.08280789406583411,-0.006070021976703993,208413,116480,10922
buy,60,1,inverse_depth_denominator,all,all,0.031141995953219086,-0.025100521641568087,-0.05624251759478717,-0.03601891004753243,208413,7749,70597
buy,60,5,market_flow,all,all,0.0030037838411875613,-0.08458297962715508,-0.08758676346834264,-0.009661827434728877,208353,54671,38686
buy,60,5,cancellation,all,all,-0.11445154362165134,0.10715266972854981,0.22160421335020114,0.04069349308583817,208353,73280,12294
buy,60,5,negative_replenishment,all,all,0.2670390618296443,-0.15352282089168795,-0.42056188272133227,-0.04911916383273871,208353,23662,38168
buy,60,5,P2_market_cancel_raw,all,all,-0.06126067513819662,-0.030329246429888188,0.030931428708308433,0.03767144591914211,208353,72593,12490
buy,60,5,P3_full_raw,all,all,0.1261553512929335,-0.24723675641020043,-0.3733921077031339,-0.04231614619499056,208353,55021,23197
buy,60,5,P3_depth_normalized,all,all,0.022578270561101062,-0.33708502988564976,-0.3596633004467508,-0.005339841385333489,208353,116437,10918
buy,60,5,inverse_depth_denominator,all,all,0.07903411311237746,-0.0764252305069232,-0.15545934361930064,-0.046602555629927704,208353,7749,70574
buy,60,10,market_flow,all,all,0.0020122187862723815,-0.16192476426173133,-0.16393698304800372,-0.004600603673408158,208278,54652,38676
buy,60,10,cancellation,all,all,-0.20556389445498544,0.14200444047775299,0.3475683349327384,0.03692198248260768,208278,73250,12290
buy,60,10,negative_replenishment,all,all,0.4101657998008645,-0.22714524157895746,-0.637311041379822,-0.045086633574597704,208278,23657,38148
buy,60,10,P2_market_cancel_raw,all,all,-0.10410175717378414,-0.14390055118450595,-0.03979879401072181,0.033059091255309224,208278,72563,12488
buy,60,10,P3_full_raw,all,all,0.22454949136150934,-0.44197811270945375,-0.6665276040709631,-0.040169175927033555,208278,55001,23191
buy,60,10,P3_depth_normalized,all,all,0.03777613240138518,-0.6622515516175094,-0.7000276840188946,-0.009775713754369026,208278,116387,10913
buy,60,10,inverse_depth_denominator,all,all,0.08675519726622094,-0.1031239717964044,-0.18987916906262534,-0.041653114687271335,208278,7749,70549
buy,60,30,market_flow,all,all,-0.034484334451082344,-0.3146045038102281,-0.28012016935914574,-0.0024074824852985295,207978,54574,38647
buy,60,30,cancellation,all,all,-0.49441196312540714,0.20639965856226458,0.7008116216876717,0.02186872966599444,207978,73145,12283
buy,60,30,negative_replenishment,all,all,0.5767828224788265,-0.2734171922473058,-0.8502000147261324,-0.030175339792037112,207978,23644,38070
buy,60,30,P2_market_cancel_raw,all,all,-0.2307308784312191,-0.4614261775883425,-0.2306952991571234,0.019448296269938145,207978,72458,12485
buy,60,30,P3_full_raw,all,all,0.3935166702344938,-0.9553023154288884,-1.3488189856633823,-0.029694973481093147,207978,54925,23133
buy,60,30,P3_depth_normalized,all,all,0.11375844242099256,-1.868314614778786,-1.9820730571997784,-0.022080070407999152,207978,116209,10873
buy,60,30,inverse_depth_denominator,all,all,-0.7584995608562178,-0.0774193684464145,0.6810801924098033,-0.01684933604290658,207978,7745,70440
buy,60,60,market_flow,all,all,-0.14739402240582364,-0.49649449431946047,-0.3491004719136368,0.0031244297551960985,207528,54514,38542
buy,60,60,cancellation,all,all,-0.8080239177299925,0.2895057782962209,1.0975296960262133,0.0045447559177317735,207528,72946,12243
buy,60,60,negative_replenishment,all,all,0.6391453609223697,-0.23962507385467566,-0.8787704347770454,-0.010920308172528379,207528,23592,37913
buy,60,60,P2_market_cancel_raw,all,all,-0.3887745673523822,-0.6626775688521083,-0.2739030014997261,0.0024695239807917295,207528,72266,12442
buy,60,60,P3_full_raw,all,all,0.38777165502253325,-1.448465339306879,-1.8362369943294121,-0.01376603622177001,207528,54786,23019
buy,60,60,P3_depth_normalized,all,all,0.19414132099633902,-3.613054199788899,-3.807195520785238,-0.027741071449245897,207528,115979,10841
buy,60,60,inverse_depth_denominator,all,all,-2.717354647315232,0.12196287288355094,2.839317520198783,0.00869236913093147,207528,7715,70241
buy,60,300,market_flow,all,all,-0.7372452823341348,-3.7721506067482715,-3.0349053244141366,0.012583699928347484,203928,53536,37569
buy,60,300,cancellation,all,all,-0.8403130478967764,-2.9475771275278553,-2.107264079631079,-0.02533785158892293,203928,71554,12100
buy,60,300,negative_replenishment,all,all,-2.8908860178534748,-1.8907332228835223,1.0001527949699525,0.005908493043698843,203928,23395,37205
buy,60,300,P2_market_cancel_raw,all,all,-1.5989527309949805,-3.3064486192107587,-1.7074958882157782,-0.019356561947491226,203928,70926,12298
buy,60,300,P3_full_raw,all,all,-1.2536580313351084,0.27618366113507603,1.5298416924701845,-0.002875832536456051,203928,54124,22525
buy,60,300,P3_depth_normalized,all,all,-0.8656991681861369,-0.28802898911633257,0.5776701790698043,-0.02814493777732774,203928,114217,10558
buy,60,300,inverse_depth_denominator,all,all,-7.4456153501955,-0.29374371569298796,7.151871634502513,0.024184431335166106,203928,7493,68975
sell,1,1,market_flow,all,all,-0.027008276470088813,,,0.027392721796272074,208413,57296,0
sell,1,1,cancellation,all,all,-0.11388240981732423,,,0.1062567303087163,208413,88563,0
sell,1,1,negative_replenishment,all,all,0.33223531235715237,-0.13041349140492187,-0.46264880376207423,-0.1495134509677093,208413,42145,21974
sell,1,1,P2_market_cancel_raw,all,all,-0.11545596179404853,0.17570773515464502,0.29116369694869354,0.10079206157486782,208413,37274,30218
sell,1,1,P3_full_raw,all,all,0.28600744797560107,-0.1008693071798252,-0.3868767551554263,-0.1301441891246302,208413,55488,22121
sell,1,1,P3_depth_normalized,all,all,0.10705754466280276,-0.05159949753651768,-0.15865704219932045,-0.05359056810836878,208413,66042,22506
sell,1,1,inverse_depth_denominator,all,all,0.29989975697133026,-0.2118060805462494,-0.5117058375175796,-0.15399242200116858,208413,25526,25140
sell,1,5,market_flow,all,all,-0.036289631277477086,,,0.015895801873684993,208353,57278,0
sell,1,5,cancellation,all,all,-0.2871349603234461,,,0.13976954119184573,208353,88548,0
sell,1,5,negative_replenishment,all,all,0.6883743315696904,-0.3842883488502714,-1.072662680419962,-0.15968863238627426,208353,42128,21973
sell,1,5,P2_market_cancel_raw,all,all,-0.30690580077458796,0.49721750805797915,0.8041233088325671,0.13266663584087135,208353,37270,30209
sell,1,5,P3_full_raw,all,all,0.5756157371865164,-0.18636393446295033,-0.7619796716494667,-0.11905148477299171,208353,55467,22119
sell,1,5,P3_depth_normalized,all,all,0.19023690232389714,-0.013887157101180499,-0.20412405942507764,-0.02960243367005192,208353,66002,22504
sell,1,5,inverse_depth_denominator,all,all,0.8234396486316304,-0.5264173728851353,-1.3498570215167658,-0.176734700160953,208353,25521,25134
sell,1,10,market_flow,all,all,-0.03572724937842668,,,0.005344408472008268,208278,57254,0
sell,1,10,cancellation,all,all,-0.39380597556538666,,,0.13414967856363028,208278,88523,0
sell,1,10,negative_replenishment,all,all,0.9515933419921817,-0.5923418654755359,-1.5439352074677175,-0.14776881776631423,208278,42117,21973
sell,1,10,P2_market_cancel_raw,all,all,-0.42591276542751244,0.7212513749842038,1.147164140411716,0.12665443378061683,208278,37260,30200
sell,1,10,P3_full_raw,all,all,0.8119774073082558,-0.24203488788799543,-1.0540122951962512,-0.10370279590117001,208278,55445,22113
sell,1,10,P3_depth_normalized,all,all,0.26624114864377735,0.010479156054476156,-0.2557619925893012,-0.022922684326266353,208278,65974,22498
sell,1,10,inverse_depth_denominator,all,all,1.2214733926658128,-0.745094599218112,-1.9665679918839247,-0.1647667558446061,208278,25512,25129
sell,1,30,market_flow,all,all,-0.04533838462063522,,,0.0011950992013746817,207978,57167,0
sell,1,30,cancellation,all,all,-0.46049105511919974,,,0.08777615041503814,207978,88383,0
sell,1,30,negative_replenishment,all,all,1.3062067346531248,-0.8409261535440062,-2.147132888197131,-0.09063343717038018,207978,42060,21954
sell,1,30,P2_market_cancel_raw,all,all,-0.6445604603056352,1.0316849929077798,1.676245453213415,0.08271684097743348,207978,37213,30166
sell,1,30,P3_full_raw,all,all,1.112969884043899,-0.3085157555463063,-1.4214856395902054,-0.05926356391310806,207978,55351,22092
sell,1,30,P3_depth_normalized,all,all,0.3316773245109209,0.051986172317635665,-0.2796911521932852,-0.0026715536603864032,207978,65835,22479
sell,1,30,inverse_depth_denominator,all,all,1.7928105777754118,-1.212123432317038,-3.00493401009245,-0.10824894088740453,207978,25469,25081
sell,1,60,market_flow,all,all,-0.057170650189550046,,,-0.0011354888415939074,207528,57049,0
sell,1,60,cancellation,all,all,-0.42060631675427596,,,0.0696852493207855,207528,88147,0
sell,1,60,negative_replenishment,all,all,1.6442318174030637,-0.6444120106957676,-2.2886438280988313,-0.0638935906721926,207528,41952,21909
sell,1,60,P2_market_cancel_raw,all,all,-0.8264474879654374,1.3657575462012093,2.192205034166647,0.06488650163865012,207528,37123,30119
sell,1,60,P3_full_raw,all,all,1.40768003241761,-0.19281108689836926,-1.6004911193159792,-0.03842569202431622,207528,55201,22053
sell,1,60,P3_depth_normalized,all,all,0.4080142754324729,0.14856065348643815,-0.2594536219460347,0.006240951741275267,207528,65654,22442
sell,1,60,inverse_depth_denominator,all,all,2.2882255306946764,-1.465436219193176,-3.7536617498878524,-0.08179869185705389,207528,25408,25046
sell,1,300,market_flow,all,all,0.8941230390780336,,,-0.0058585348476878785,203928,55980,0
sell,1,300,cancellation,all,all,0.5966634078946709,,,0.025616652885547115,203928,86679,0
sell,1,300,negative_replenishment,all,all,3.472448723610774,1.2843794764947465,-2.1880692471160277,-0.013454544402012042,203928,41195,21652
sell,1,300,P2_market_cancel_raw,all,all,-0.5688951462267872,2.8910409520679745,3.4599360982947616,0.024630627209830624,203928,36474,29610
sell,1,300,P3_full_raw,all,all,2.8873937611703724,1.8813955772471787,-1.0059981839231937,-0.0009129611366379029,203928,54239,21757
sell,1,300,P3_depth_normalized,all,all,1.4666878058627855,1.9690408859331519,0.5023530800703664,0.021511677645388295,203928,64416,22111
sell,1,300,inverse_depth_denominator,all,all,4.6684890030403166,-0.04698494951294006,-4.715473952553257,-0.03719513874065562,203928,24879,24653
sell,2,1,market_flow,all,all,-0.0239160244137029,0.0017142928611827053,0.025630317274885604,0.01837331942941762,208413,40415,31810
sell,2,1,cancellation,all,all,-0.12250442169103454,0.17957886453400035,0.3020832862250349,0.09689552255996091,208413,66164,12524
sell,2,1,negative_replenishment,all,all,0.26794388074391046,-0.12725694728372608,-0.39520082802763656,-0.1328248614448573,208413,41947,21983
sell,2,1,P2_market_cancel_raw,all,all,-0.1162107374588227,0.1600442669408601,0.2762550043996828,0.09309827728778386,208413,38486,29062
sell,2,1,P3_full_raw,all,all,0.23690215107225912,-0.10843582110550619,-0.3453379721777653,-0.11551890876279491,208413,57372,20373
sell,2,1,P3_depth_normalized,all,all,0.0868200858259898,-0.046363995872047654,-0.13318408169803744,-0.04309669439116128,208413,69086,21170
sell,2,1,inverse_depth_denominator,all,all,0.26182464090652774,-0.18563047777349587,-0.44745511868002363,-0.13297625972819427,208413,24997,25002
sell,2,5,market_flow,all,all,-0.02723554890874895,-0.015205463909137044,0.012030084999611905,0.010427805592359903,208353,40405,31801
sell,2,5,cancellation,all,all,-0.3301374134648026,0.5598165595516106,0.8899539730164132,0.13619374005343227,208353,66154,12521
sell,2,5,negative_replenishment,all,all,0.6161256164098425,-0.3793853729513335,-0.995510989361176,-0.15385320371548258,208353,41929,21982
sell,2,5,P2_market_cancel_raw,all,all,-0.32084353234839275,0.48920930419698305,0.8100528365453759,0.1309005170183366,208353,38482,29053
sell,2,5,P3_full_raw,all,all,0.50921851776256,-0.22891030343440336,-0.7381288211969633,-0.11728951648300137,208353,57349,20370
sell,2,5,P3_depth_normalized,all,all,0.1584529017485822,-0.006092215902802573,-0.16454511765138477,-0.026996498388263738,208353,69048,21166
sell,2,5,inverse_depth_denominator,all,all,0.7702815585626861,-0.4678771080587436,-1.2381586666214297,-0.16438505370605366,208353,24992,24996
sell,2,10,market_flow,all,all,-0.031852414679327985,-0.054286553030427655,-0.02243413835109967,0.003642427073928282,208278,40388,31789
sell,2,10,cancellation,all,all,-0.4648034954197781,0.8583206905152738,1.323124185935052,0.1339705736097389,208278,66138,12518
sell,2,10,negative_replenishment,all,all,0.8845534030203083,-0.5964820024275805,-1.481035405447889,-0.14643221354948358,208278,41915,21978
sell,2,10,P2_market_cancel_raw,all,all,-0.4574497135819021,0.7259617878337838,1.1834115014156859,0.12778357376164443,208278,38473,29047
sell,2,10,P3_full_raw,all,all,0.752524078344249,-0.3319453975120841,-1.084469475856333,-0.1062671566027077,208278,57327,20368
sell,2,10,P3_depth_normalized,all,all,0.2417953335635921,0.004066589332527639,-0.23772874423106446,-0.02086792078774313,208278,69015,21162
sell,2,10,inverse_depth_denominator,all,all,1.1525338415511266,-0.6722285087318152,-1.8247623502829418,-0.15790984846508072,208278,24982,24992
sell,2,30,market_flow,all,all,-0.03986646041845647,0.06794264729234453,0.107809107710801,-0.002515447912286674,207978,40326,31746
sell,2,30,cancellation,all,all,-0.5942858024212465,1.3095593145061168,1.9038451169273634,0.08603104038622847,207978,66034,12510
sell,2,30,negative_replenishment,all,all,1.2168662551117129,-0.8413944578101683,-2.0582607129218813,-0.09042733013643627,207978,41857,21959
sell,2,30,P2_market_cancel_raw,all,all,-0.7222121467156538,1.0353613588011081,1.757573505516762,0.08150873101839702,207978,38423,29012
sell,2,30,P3_full_raw,all,all,1.0768345228662537,-0.4789364476741173,-1.555770970540371,-0.061474321814441554,207978,57233,20343
sell,2,30,P3_depth_normalized,all,all,0.32516821329645,0.09739172572274561,-0.2277764875737044,-0.0008683919558426079,207978,68875,21140
sell,2,30,inverse_depth_denominator,all,all,1.6969492717398886,-1.0957065728538624,-2.7926558445937513,-0.10387303075799813,207978,24942,24939
sell,2,60,market_flow,all,all,-0.06415884756499725,0.4073503910032164,0.47150923856821364,-0.003222347736182964,207528,40242,31673
sell,2,60,cancellation,all,all,-0.5881543963286762,1.6436280563553909,2.231782452684067,0.06434593428434925,207528,65852,12492
sell,2,60,negative_replenishment,all,all,1.503509669780117,-0.7025640713940711,-2.2060737411741878,-0.0632751859689464,207528,41749,21919
sell,2,60,P2_market_cancel_raw,all,all,-0.8464071405037047,1.3185863260026824,2.1649934665063872,0.06039598342876595,207528,38331,28964
sell,2,60,P3_full_raw,all,all,1.3746020101928365,-0.43031690214075596,-1.8049189123335925,-0.040357069319595255,207528,57069,20305
sell,2,60,P3_depth_normalized,all,all,0.38275017392947586,0.23778610928715793,-0.14496406464231792,0.006972250884558302,207528,68681,21104
sell,2,60,inverse_depth_denominator,all,all,2.23416616960355,-1.2363014185326244,-3.4704675881361746,-0.07813333115059282,207528,24880,24905
sell,2,300,market_flow,all,all,0.7646841140031723,2.181560966548839,1.4168768525456668,-0.0069184045907803695,203928,39450,31102
sell,2,300,cancellation,all,all,0.4695786578104257,3.8362320070141127,3.366653349203687,0.02336502039040265,203928,64778,12303
sell,2,300,negative_replenishment,all,all,3.4818166193059885,1.138014677629826,-2.3438019416761624,-0.014199977037783576,203928,41021,21681
sell,2,300,P2_market_cancel_raw,all,all,-0.4953301129339151,2.879101834909838,3.374431947843753,0.022709980129583456,203928,37679,28489
sell,2,300,P3_full_raw,all,all,2.7982564749847403,1.416605293339498,-1.3816511816452424,-0.0030548778283692466,203928,56043,20030
sell,2,300,P3_depth_normalized,all,all,1.3535383583864171,2.1355606469569155,0.7820222885704984,0.021586810875360612,203928,67402,20779
sell,2,300,inverse_depth_denominator,all,all,4.787258443481165,0.08634398860959586,-4.700914454871569,-0.03634925047481587,203928,24340,24514
sell,5,1,market_flow,all,all,-0.012003146749693348,0.0013601400562673776,0.013363286805960726,0.01423076563683202,208413,24802,64070
sell,5,1,cancellation,all,all,-0.115816893796971,0.1390150558175823,0.2548319496145533,0.08764478139469914,208413,41940,27039
sell,5,1,negative_replenishment,all,all,0.1957101707219481,-0.12283867697226993,-0.31854884769421804,-0.11082636183127544,208413,41620,21909
sell,5,1,P2_market_cancel_raw,all,all,-0.1031504600337462,0.1363142344487173,0.2394646944824635,0.08611998153261163,208413,39545,27157
sell,5,1,P3_full_raw,all,all,0.14904124893782245,-0.10182790826135583,-0.2508691571991783,-0.0934930481060863,208413,62344,18074
sell,5,1,P3_depth_normalized,all,all,0.04875465173938773,-0.03283495578480902,-0.08158960752419675,-0.025635024316921055,208413,75366,19093
sell,5,1,inverse_depth_denominator,all,all,0.19490507045024066,-0.14407276085370885,-0.33897783130394954,-0.10664500796219097,208413,24321,25502
sell,5,5,market_flow,all,all,-0.011763174168527648,-0.006333722175946797,0.005429451992580851,0.007465560825784236,208353,24794,64050
sell,5,5,cancellation,all,all,-0.34206089750743224,0.4714494559789996,0.8135103534864319,0.13040743808631597,208353,41932,27033
sell,5,5,negative_replenishment,all,all,0.5622324661315695,-0.3817858412815082,-0.9440183074130777,-0.14415585426655364,208353,41608,21909
sell,5,5,P2_market_cancel_raw,all,all,-0.30684812575762577,0.46484223699147253,0.7716903627490983,0.12714516555588026,208353,39541,27151
sell,5,5,P3_full_raw,all,all,0.40867115604681026,-0.2703432497683192,-0.6790144058151295,-0.11250949234720062,208353,62325,18074
sell,5,5,P3_depth_normalized,all,all,0.10398130786718002,-0.026337209881528757,-0.13031851774870878,-0.020553359407290864,208353,75333,19092
sell,5,5,inverse_depth_denominator,all,all,0.6594155109579128,-0.40905473096353157,-1.0684702419214445,-0.14364443665934543,208353,24314,25495
sell,5,10,market_flow,all,all,-0.016754748869249908,-0.011464138020272428,0.00529061084897748,-8.011532213326509e-05,208278,24782,64029
sell,5,10,cancellation,all,all,-0.47702630581926314,0.7151120082823779,1.192138314101641,0.12957720542012874,208278,41920,27026
sell,5,10,negative_replenishment,all,all,0.8261015484722752,-0.606645695783724,-1.4327472442559992,-0.14249674713778032,208278,41591,21904
sell,5,10,P2_market_cancel_raw,all,all,-0.42678763480378973,0.7000944057269657,1.1268820405307554,0.1264731775551577,208278,39532,27144
sell,5,10,P3_full_raw,all,all,0.6229175370621907,-0.4013853226420393,-1.02430285970423,-0.1085405518238194,208278,62293,18072
sell,5,10,P3_depth_normalized,all,all,0.16775076967207078,-0.0035130470270556104,-0.17126381669912638,-0.01967439070523725,208278,75292,19089
sell,5,10,inverse_depth_denominator,all,all,0.9836010724930984,-0.6294454579223169,-1.6130465304154153,-0.14047801431898044,208278,24304,25490
sell,5,30,market_flow,all,all,-0.07775947579495883,0.11271280990799605,0.19047228570295488,-0.005366865851769848,207978,24743,63927
sell,5,30,cancellation,all,all,-0.7742380704512843,1.0868908800246786,1.861128950475963,0.08626390699176778,207978,41852,26999
sell,5,30,negative_replenishment,all,all,1.1824193275705348,-0.8550254157270143,-2.037444743297549,-0.08861457681653678,207978,41545,21884
sell,5,30,P2_market_cancel_raw,all,all,-0.6685774065967064,1.0439018918033802,1.7124792984000865,0.083453329477526,207978,39480,27118
sell,5,30,P3_full_raw,all,all,0.9337823545038072,-0.6143924905330973,-1.5481748450369044,-0.06200742481386856,207978,62187,18052
sell,5,30,P3_depth_normalized,all,all,0.22926473382855364,0.04689762702940211,-0.18236710679915152,0.003238546134889832,207978,75135,19067
sell,5,30,inverse_depth_denominator,all,all,1.4862119361359496,-1.0375354499723772,-2.523747386108327,-0.09475513096919153,207978,24266,25430
sell,5,60,market_flow,all,all,-0.13509669254277512,0.21942614909405578,0.3545228416368309,-0.0072127857709845325,207528,24695,63795
sell,5,60,cancellation,all,all,-0.8411324078945545,1.384298652345379,2.2254310602399334,0.06375065333379108,207528,41720,26957
sell,5,60,negative_replenishment,all,all,1.5297452996905045,-0.6274789262186796,-2.157224225909184,-0.05989694998318719,207528,41438,21845
sell,5,60,P2_market_cancel_raw,all,all,-0.6558516375622792,1.3124956587264924,1.9683472962887716,0.0605685984242672,207528,39375,27077
sell,5,60,P3_full_raw,all,all,1.2857437926373187,-0.536659771425873,-1.8224035640631917,-0.03906998145055484,207528,62005,18017
sell,5,60,P3_depth_normalized,all,all,0.32800186175836554,0.1836616605510787,-0.14434020120728686,0.011088088834755584,207528,74926,19023
sell,5,60,inverse_depth_denominator,all,all,1.9867912182386536,-1.2317318971586535,-3.218523115397307,-0.070959011282867,207528,24210,25392
sell,5,300,market_flow,all,all,0.3890648124652271,1.70977161260592,1.3207068001406927,-0.007460818248518656,203928,24181,62755
sell,5,300,cancellation,all,all,0.38209709449333257,3.2347117868119164,2.8526146923185838,0.019863042894396672,203928,41106,26534
sell,5,300,negative_replenishment,all,all,3.5002080850710007,1.1029829503054573,-2.3972251347655433,-0.008319684502563601,203928,40741,21624
sell,5,300,P2_market_cancel_raw,all,all,0.2583052081839697,3.175456869721527,2.9171516615375572,0.019376050346379788,203928,38799,26642
sell,5,300,P3_full_raw,all,all,2.5100878469930525,1.0605626345694805,-1.449525212423572,0.0030571379916180955,203928,60890,17815
sell,5,300,P3_depth_normalized,all,all,1.4011826857281349,2.1063724826284584,0.7051897969003236,0.02948639744694889,203928,73529,18759
sell,5,300,inverse_depth_denominator,all,all,4.7619973465907615,0.13782838063413622,-4.624168965956625,-0.03206995757416031,203928,23658,24996
sell,10,1,market_flow,all,all,-0.00924005286534416,-0.005813759641109257,0.0034262932242349027,0.008556970200530943,208413,22352,64852
sell,10,1,cancellation,all,all,-0.09703068678843926,0.11526557927799237,0.21229626606643165,0.07789530791302465,208413,46576,25562
sell,10,1,negative_replenishment,all,all,0.15967451978893374,-0.12277401070345137,-0.2824485304923851,-0.09499801013921022,208413,41107,22316
sell,10,1,P2_market_cancel_raw,all,all,-0.0898149545993172,0.11396368904789411,0.20377864364721132,0.07700324474878506,208413,44686,25597
sell,10,1,P3_full_raw,all,all,0.11200401806886716,-0.1061355839070859,-0.21813960197595306,-0.07906098813362204,208413,66157,16178
sell,10,1,P3_depth_normalized,all,all,0.03319521842289843,-0.04120283616848417,-0.0743980545913826,-0.01802276859104702,208413,80882,17272
sell,10,1,inverse_depth_denominator,all,all,0.1554530980930754,-0.10958343805644018,-0.26503653614951556,-0.08690801945807006,208413,23701,26337
sell,10,5,market_flow,all,all,-0.01780932910290513,-0.018235974306438623,-0.00042664520353349195,0.0049716361832576475,208353,22345,64834
sell,10,5,cancellation,all,all,-0.2774608794665219,0.4039993851320401,0.681460264598562,0.11716805736168082,208353,46567,25555
sell,10,5,negative_replenishment,all,all,0.47946394461166647,-0.3927644790167542,-0.8722284236284207,-0.13224666000426516,208353,41094,22316
sell,10,5,P2_market_cancel_raw,all,all,-0.25178625875121724,0.3998924928582277,0.6516787516094449,0.11520954425298965,208353,44679,25590
sell,10,5,P3_full_raw,all,all,0.3189926613188365,-0.28417499108342836,-0.6031676524022649,-0.10423451755678546,208353,66127,16178
sell,10,5,P3_depth_normalized,all,all,0.07044588861733604,-0.039740145965552906,-0.11018603458288895,-0.01751579530987223,208353,80847,17269
sell,10,5,inverse_depth_denominator,all,all,0.5503364865221889,-0.3340465713841356,-0.8843830579063245,-0.12369482065527365,208353,23694,26331
sell,10,10,market_flow,all,all,-0.0361034268151545,-0.0007902627516837628,0.03531316406347074,-0.0011225375906072396,208278,22338,64816
sell,10,10,cancellation,all,all,-0.3974931112565949,0.6110740919215706,1.0085672031781656,0.11479478733228052,208278,46557,25546
sell,10,10,negative_replenishment,all,all,0.6849503190660023,-0.5931977384148646,-1.278148057480867,-0.1260393271047352,208278,41076,22314
sell,10,10,P2_market_cancel_raw,all,all,-0.3638688923084628,0.6100912132647738,0.9739601055732365,0.11279389177793038,208278,44673,25582
sell,10,10,P3_full_raw,all,all,0.48494644825653876,-0.37224825930978633,-0.8571947075663251,-0.09595003525700993,208278,66095,16178
sell,10,10,P3_depth_normalized,all,all,0.08845761528178245,-0.009201438954505342,-0.09765905423628779,-0.011299174078146618,208278,80800,17269
sell,10,10,inverse_depth_denominator,all,all,0.8668177433671359,-0.5490159218886741,-1.4158336652558101,-0.1194076946948425,208278,23684,26325
sell,10,30,market_flow,all,all,-0.14857163923183306,0.11596351210507307,0.26453515133690614,-0.00618438455980607,207978,22309,64713
sell,10,30,cancellation,all,all,-0.5288819548625964,0.9401737098186522,1.4690556646812487,0.07695492047983983,207978,46477,25536
sell,10,30,negative_replenishment,all,all,0.9796223950227796,-0.8265653978799128,-1.8061877929026924,-0.07962995899507011,207978,41031,22294
sell,10,30,P2_market_cancel_raw,all,all,-0.5419303944573401,0.9376864026867938,1.4796167971441339,0.07470232847310561,207978,44607,25572
sell,10,30,P3_full_raw,all,all,0.8483178409016329,-0.5085990586831874,-1.3569168995848204,-0.05533161297606667,207978,65996,16162
sell,10,30,P3_depth_normalized,all,all,0.126294327475999,-0.003569944491107489,-0.12986427196710648,0.009344275570328847,207978,80645,17242
sell,10,30,inverse_depth_denominator,all,all,1.371984533611939,-0.9397092036012117,-2.3116937372131505,-0.08322643318331716,207978,23646,26261
sell,10,60,market_flow,all,all,-0.1429050797313393,0.25911505890747694,0.40202013863881625,-0.007045321493333004,207528,22272,64584
sell,10,60,market_flow,test_day,2021-04-17,0.4934835173824629,-0.0322731062610417,-0.5257566236435046,-0.018172253593180747,86029,12949,16297
sell,10,60,market_flow,test_day,2021-04-18,-3.1781838905231594,0.5072254194822523,3.6854093100054115,-0.028107748184822968,86029,3355,42259
sell,10,60,market_flow,test_day,2021-04-19,0.18262515923982833,-0.6924680200205412,-0.8750931792603696,-0.03178885242944219,35470,5968,6028
sell,10,60,market_flow,depth_tercile,low,-1.3396547057437045,-0.8847716715131563,0.4548830342305482,0.002655342170551415,58398,8103,14600
sell,10,60,market_flow,depth_tercile,middle,0.1501326982132073,-0.22086841091933634,-0.37100110913254364,-0.02518915392422237,97307,9104,31664
sell,10,60,market_flow,depth_tercile,high,1.244942163935204,2.0003237299084304,0.7553815659732264,-0.0006925402397747952,51823,5065,18320
sell,10,60,market_flow,volatility_tercile,low,-0.8580426657758876,0.1447677334890918,1.0028103992649795,-0.004785338127934196,37445,5918,9619
sell,10,60,market_flow,volatility_tercile,middle,0.20908582507152984,-0.43567155985128697,-0.6447573849228168,-0.0052500361332607865,54779,6957,13327
sell,10,60,market_flow,volatility_tercile,high,0.046877139008479146,0.5079101064937561,0.461032967485277,-0.010807068808199323,115304,9397,41638
sell,10,60,market_flow,spread_regime,middle,-0.1429050797313393,0.25911505890747694,0.40202013863881625,-0.007045321493333004,207528,22272,64584
sell,10,60,cancellation,all,all,-0.47802805163068857,1.2564198230242853,1.7344478746549739,0.05711758357176892,207528,46327,25508
sell,10,60,cancellation,test_day,2021-04-17,-0.5079388566236057,0.7159320122551149,1.2238708688787208,0.057928139838822654,86029,18685,13376
sell,10,60,cancellation,test_day,2021-04-18,-0.362037695596008,2.5530355800616458,2.9150732756576536,0.06906305017609922,86029,20440,7964
sell,10,60,cancellation,test_day,2021-04-19,-0.729619204929245,0.5134536684664367,1.2430728733956817,0.04638368783583124,35470,7202,4168
sell,10,60,cancellation,depth_tercile,low,-1.1856776074028879,-0.38176522953106523,0.8039123778718227,0.01712034389748615,58398,24912,994
sell,10,60,cancellation,depth_tercile,middle,0.019799976450845445,0.7925106322055286,0.7727106557546832,0.0377256984565799,97307,17761,7779
sell,10,60,cancellation,depth_tercile,high,1.9267453820422473,1.569363087895461,-0.35738229414678635,0.03783912883913221,51823,3654,16735
sell,10,60,cancellation,volatility_tercile,low,-0.9065449848650385,1.105588895621331,2.0121338804863695,0.06898945748647672,37445,12336,4593
sell,10,60,cancellation,volatility_tercile,middle,-0.7127909203958049,0.7817813101739574,1.4945722305697622,0.0734877733387073,54779,13504,6920
sell,10,60,cancellation,volatility_tercile,high,-0.06525787209327082,1.540611674291598,1.605869546384869,0.048417567330307464,115304,20487,13995
sell,10,60,cancellation,spread_regime,middle,-0.47802805163068857,1.2564198230242853,1.7344478746549739,0.05711758357176892,207528,46327,25508
sell,10,60,negative_replenishment,all,all,1.2243330423203018,-0.6273986621777582,-1.85173170449806,-0.05425934266932301,207528,40917,22251
sell,10,60,negative_replenishment,test_day,2021-04-17,0.5027034649051005,-0.3547704782138017,-0.8574739431189022,-0.04947970139986577,86029,15184,13908
sell,10,60,negative_replenishment,test_day,2021-04-18,2.0540708313832927,-1.2967665620089766,-3.3508373933922693,-0.07778307146472686,86029,19709,5571
sell,10,60,negative_replenishment,test_day,2021-04-19,0.3285696656320446,-0.6500047994833099,-0.9785744651153545,-0.05198380049648629,35470,6024,2772
sell,10,60,negative_replenishment,depth_tercile,low,-3.638949037607202,-0.6868490981968844,2.9520999394103176,-0.014542425088851755,58398,367,16005
sell,10,60,negative_replenishment,depth_tercile,middle,0.34513555206020763,-0.333343871125934,-0.6784794231861416,-0.025490172964657585,97307,15766,4910
sell,10,60,negative_replenishment,depth_tercile,high,1.8556375998886538,-0.9958902756346021,-2.851527875523256,-0.045213757231948794,51823,24784,1336
sell,10,60,negative_replenishment,volatility_tercile,low,1.2213181748013104,-0.20622924516468794,-1.4275474199659983,-0.05422373636790522,37445,2853,10355
sell,10,60,negative_replenishment,volatility_tercile,middle,0.6760628560672182,-0.8450397030896969,-1.521102559156915,-0.08541962099214755,54779,6613,7753
sell,10,60,negative_replenishment,volatility_tercile,high,1.3398877833054323,-1.2727856578282728,-2.612673441133705,-0.05552713849674099,115304,31451,4143
sell,10,60,negative_replenishment,spread_regime,middle,1.2243330423203018,-0.6273986621777582,-1.85173170449806,-0.05425934266932301,207528,40917,22251
sell,10,60,P2_market_cancel_raw,all,all,-0.4886964433817858,1.271104858756291,1.7598013021380767,0.05466932687490326,207528,44478,25542
sell,10,60,P2_market_cancel_raw,test_day,2021-04-17,-0.5211265084112313,0.7084198215411178,1.229546329952349,0.05735422449527691,86029,18840,13293
sell,10,60,P2_market_cancel_raw,test_day,2021-04-18,-0.3616199122846607,2.566022271344012,2.927642183628673,0.061115600896398614,86029,18258,8128
sell,10,60,P2_market_cancel_raw,test_day,2021-04-19,-0.7202927685330804,0.5321297241259352,1.2524224926590155,0.044366557521937085,35470,7380,4121
sell,10,60,P2_market_cancel_raw,depth_tercile,low,-1.004922952914917,-0.4415604669981486,0.5633624859167685,0.014565012946111924,58398,24631,970
sell,10,60,P2_market_cancel_raw,depth_tercile,middle,0.024317563151446654,0.875368080432966,0.8510505172815194,0.03351730567472919,97307,16828,7817
sell,10,60,P2_market_cancel_raw,depth_tercile,high,0.8634650188140829,1.5548864023036046,0.6914213834895218,0.034498290089424295,51823,3019,16755
sell,10,60,P2_market_cancel_raw,volatility_tercile,low,-0.830755666774842,1.090455931976009,1.9212115987508511,0.06652012493575037,37445,12099,4580
sell,10,60,P2_market_cancel_raw,volatility_tercile,middle,-0.6502053615127517,0.7602414620692084,1.41044682358196,0.06967115081587553,54779,13414,6903
sell,10,60,P2_market_cancel_raw,volatility_tercile,high,-0.15623901276531543,1.580789908331981,1.7370289210972965,0.045666764905636044,115304,18965,14059
sell,10,60,P2_market_cancel_raw,spread_regime,middle,-0.4886964433817858,1.271104858756291,1.7598013021380767,0.05466932687490326,207528,44478,25542
sell,10,60,P3_full_raw,all,all,1.2006678458023077,-0.386584535866453,-1.5872523816687607,-0.0357297290179019,207528,65795,16135
sell,10,60,P3_full_raw,test_day,2021-04-17,0.29935329639277986,0.08903342783328805,-0.2103198685594918,-0.028162534712670877,86029,19655,10657
sell,10,60,P3_full_raw,test_day,2021-04-18,1.9492627993908798,-1.8215946966289374,-3.770857496019817,-0.06109118773983892,86029,36197,3824
sell,10,60,P3_full_raw,test_day,2021-04-19,0.25713429793936116,-0.1333691697191735,-0.39050346765853466,-0.053166477777313294,35470,9943,1654
sell,10,60,P3_full_raw,depth_tercile,low,1.2022047590282587,-0.39724340021166193,-1.5994481592399206,-0.008865620286394031,58398,2515,10161
sell,10,60,P3_full_raw,depth_tercile,middle,0.6173006489588189,-0.20486174830014542,-0.8221623972589642,-0.004926957884791744,97307,35866,3639
sell,10,60,P3_full_raw,depth_tercile,high,1.9637517644287505,-0.6234087342999114,-2.587160498728662,-0.030824623802062363,51823,27414,2335
sell,10,60,P3_full_raw,volatility_tercile,low,-0.039832818070498655,0.13789693610004156,0.1777297541705402,-0.023044697678785128,37445,2106,8881
sell,10,60,P3_full_raw,volatility_tercile,middle,0.6933050600881803,-0.9831093822509336,-1.6764144423391139,-0.07291488325054399,54779,8399,5053
sell,10,60,P3_full_raw,volatility_tercile,high,1.324991130941195,-1.1333723158544844,-2.4583634467956794,-0.04410541912875958,115304,55290,2201
sell,10,60,P3_full_raw,spread_regime,middle,1.2006678458023077,-0.386584535866453,-1.5872523816687607,-0.0357297290179019,207528,65795,16135
sell,10,60,P3_depth_normalized,all,all,0.24030262760633148,0.11751223341371451,-0.12279039419261696,0.014070750678307558,207528,80413,17207
sell,10,60,P3_depth_normalized,test_day,2021-04-17,-0.149687484291105,0.6303705474213819,0.7800580317124869,0.0511972126317929,86029,21819,10656
sell,10,60,P3_depth_normalized,test_day,2021-04-18,0.5184954247676503,-0.7618274130104618,-1.2803228377781122,0.008556446808229505,86029,44699,4618
sell,10,60,P3_depth_normalized,test_day,2021-04-19,-0.04222674186640072,-0.6089376925453429,-0.5667109506789422,-0.025284458442316672,35470,13895,1933
sell,10,60,P3_depth_normalized,depth_tercile,low,-0.7813746319013941,-0.22519313661158613,0.556181495289808,0.0005015063104657342,58398,26060,3807
sell,10,60,P3_depth_normalized,depth_tercile,middle,0.40398290324732555,-0.00394993939922277,-0.40793284264654833,0.00987105163696272,97307,42698,5123
sell,10,60,P3_depth_normalized,depth_tercile,high,1.9250807463066473,0.35031760432189346,-1.5747631419847539,-0.017537958529697226,51823,11655,8277
sell,10,60,P3_depth_normalized,volatility_tercile,low,-2.0301201212802686,0.6770284860870803,2.707148607367349,0.03516478100747031,37445,3454,10324
sell,10,60,P3_depth_normalized,volatility_tercile,middle,-0.14040155075223934,-0.29862393649817737,-0.15822238574593803,-0.004048923873783831,54779,11322,4887
sell,10,60,P3_depth_normalized,volatility_tercile,high,0.42544778783653814,-1.7576322206145487,-2.183080008451087,0.01109615336685406,115304,65637,1996
sell,10,60,P3_depth_normalized,spread_regime,middle,0.24030262760633148,0.11751223341371451,-0.12279039419261696,0.014070750678307558,207528,80413,17207
sell,10,60,inverse_depth_denominator,all,all,1.9147188049795902,-1.1903307026195267,-3.1050495075991167,-0.06257719460746378,207528,23593,26227
sell,10,60,inverse_depth_denominator,test_day,2021-04-17,0.8024351173810594,-0.5062886870224519,-1.3087238044035114,-0.09696294834175512,86029,11902,13380
sell,10,60,inverse_depth_denominator,test_day,2021-04-18,3.9932721591779137,-2.8526773626853186,-6.845949521863233,-0.08124471809028587,86029,8563,7842
sell,10,60,inverse_depth_denominator,test_day,2021-04-19,0.45683775568210444,-0.4143785868259047,-0.8712163425080092,-0.02164182750215838,35470,3128,5005
sell,10,60,inverse_depth_denominator,depth_tercile,low,,-1.1903307026195267,,-0.029176806045399767,58398,0,26227
sell,10,60,inverse_depth_denominator,depth_tercile,middle,,,,-0.034589531860682234,97307,0,0
sell,10,60,inverse_depth_denominator,depth_tercile,high,1.9147188049795902,,,-0.02329119114134199,51823,23593,0
sell,10,60,inverse_depth_denominator,volatility_tercile,low,1.4351842586819803,-1.0009680542295967,-2.436152312911577,-0.06732180606806971,37445,5470,6536
sell,10,60,inverse_depth_denominator,volatility_tercile,middle,0.7324821128786392,-0.8471426429608753,-1.5796247558395144,-0.07698038010251233,54779,6635,8839
sell,10,60,inverse_depth_denominator,volatility_tercile,high,2.825860380566092,-1.5839091701093353,-4.409769550675428,-0.0586546706304588,115304,11488,10852
sell,10,60,inverse_depth_denominator,spread_regime,middle,1.9147188049795902,-1.1903307026195267,-3.1050495075991167,-0.06257719460746378,207528,23593,26227
sell,10,300,market_flow,all,all,0.454755920620476,1.954076689737104,1.4993207691166281,-0.005899705006617749,203928,21813,63498
sell,10,300,cancellation,all,all,1.3054520496543167,3.3900521667311363,2.0846001170768194,0.01608009918055666,203928,45621,25081
sell,10,300,negative_replenishment,all,all,3.3333222284933144,1.3277087141961363,-2.005613514297178,-0.0040242847959353475,203928,40204,22026
sell,10,300,P2_market_cancel_raw,all,all,1.1884916291707832,3.4975306451077732,2.30903901593699,0.015552102260365335,203928,43840,25109
sell,10,300,P3_full_raw,all,all,2.486053501987096,1.596692785631627,-0.8893607163554689,0.007378913522735166,203928,64637,15998
sell,10,300,P3_depth_normalized,all,all,1.3211171743373824,2.417970416428732,1.0968532420913495,0.034277337373362936,203928,78873,16975
sell,10,300,inverse_depth_denominator,all,all,4.427856220123411,0.2418945478378605,-4.185961672285551,-0.02884187494464881,203928,23033,25822
sell,30,1,market_flow,all,all,-0.006867644535467074,0.003018826555988983,0.009886471091456057,0.00556863382678691,208413,20996,65798
sell,30,1,cancellation,all,all,-0.03830249838482723,0.07333922596294938,0.11164172434777661,0.052599912652510655,208413,55859,22635
sell,30,1,negative_replenishment,all,all,0.08083007402286162,-0.07109865315771195,-0.15192872718057357,-0.06200984493938874,208413,40990,21606
sell,30,1,P2_market_cancel_raw,all,all,-0.03948781780057064,0.0720655447253598,0.11155336252593043,0.05200365986115636,208413,53637,22760
sell,30,1,P3_full_raw,all,all,0.05579283848794684,-0.06093627787308134,-0.11672911636102817,-0.04750483369328459,208413,72092,13351
sell,30,1,P3_depth_normalized,all,all,0.009213690165578435,-0.006436146755548242,-0.015649836921126675,-0.002882165517757414,208413,91264,13816
sell,30,1,inverse_depth_denominator,all,all,0.09280422539685518,-0.06549750220354213,-0.1583017276003973,-0.056147297766682196,208413,22054,28095
sell,30,5,market_flow,all,all,-0.04696446609913057,0.01715967957137962,0.0641241456705102,-0.0004917426699885939,208353,20985,65784
sell,30,5,cancellation,all,all,-0.12194958310367093,0.279994331791418,0.40194391489508896,0.08136481637450585,208353,55849,22631
sell,30,5,negative_replenishment,all,all,0.27285425458688406,-0.22054316060187623,-0.4933974151887603,-0.08738177839616637,208353,40981,21606
sell,30,5,P2_market_cancel_raw,all,all,-0.12284235265099532,0.27823929949249404,0.40108165214348934,0.08048876949825257,208353,53627,22756
sell,30,5,P3_full_raw,all,all,0.19322177788240089,-0.18110113424480176,-0.37432291212720264,-0.06141799589928741,208353,72068,13351
sell,30,5,P3_depth_normalized,all,all,0.008296713405803645,0.006699071518813202,-0.0015976418869904432,0.0037038352070961644,208353,91224,13812
sell,30,5,inverse_depth_denominator,all,all,0.3548848717371524,-0.2209178686244831,-0.5758027403616355,-0.0815597032863402,208353,22044,28083
sell,30,10,market_flow,all,all,-0.10817228663301874,0.04498407246497694,0.1531563590979957,-0.005257388074357647,208278,20970,65764
sell,30,10,cancellation,all,all,-0.16035592718897748,0.44189725398286767,0.6022531811718451,0.07686431597925486,208278,55839,22629
sell,30,10,negative_replenishment,all,all,0.46122974638054404,-0.30639326646543463,-0.7676230128459787,-0.08226814672031771,208278,40965,21606
sell,30,10,P2_market_cancel_raw,all,all,-0.17195871984863909,0.4437365184186437,0.6156952382672828,0.07553206736240284,208278,53617,22754
sell,30,10,P3_full_raw,all,all,0.3248619736167563,-0.24165415823053418,-0.5665161318472904,-0.05666128742334248,208278,72038,13351
sell,30,10,P3_depth_normalized,all,all,0.0029706473957095284,0.014862747424917788,0.01189210002920826,0.005519057745482221,208278,91176,13804
sell,30,10,inverse_depth_denominator,all,all,0.582046756711766,-0.33873328886281107,-0.920780045574577,-0.07800438226350404,208278,22033,28071
sell,30,30,market_flow,all,all,-0.1397411911821711,0.2006771887943477,0.3404183799765188,-0.007778521993525113,207978,20936,65657
sell,30,30,cancellation,all,all,-0.11440404568202472,0.8351718158442211,0.9495758615262457,0.054571845110235245,207978,55720,22627
sell,30,30,negative_replenishment,all,all,0.94024186477913,-0.3080477702369538,-1.2482896350160837,-0.05466506472846153,207978,40901,21578
sell,30,30,P2_market_cancel_raw,all,all,-0.13356415462064927,0.822659940228784,0.9562240948494333,0.05257439745990375,207978,53499,22751
sell,30,30,P3_full_raw,all,all,0.6358561356830831,-0.1474204018119489,-0.783276537495032,-0.03246881793756631,207978,71933,13334
sell,30,30,P3_depth_normalized,all,all,-0.011602126672669064,0.042573003503854484,0.05417513017652355,0.019701969031556466,207978,91007,13775
sell,30,30,inverse_depth_denominator,all,all,1.2091294087125684,-0.7271283248244532,-1.9362577335370217,-0.05866860079041308,207978,21983,28015
sell,30,60,market_flow,all,all,0.04788796816523057,0.4355908542350874,0.38770288606985687,-0.008701140581233072,207528,20877,65524
sell,30,60,cancellation,all,all,0.11551701878244634,1.094146745767846,0.9786297269853996,0.03861212126506663,207528,55575,22612
sell,30,60,negative_replenishment,all,all,1.346080702658641,0.023505330172457168,-1.3225753724861837,-0.03129337198071244,207528,40825,21544
sell,30,60,P2_market_cancel_raw,all,all,-0.028337799402785333,1.0672954176347165,1.0956332170375018,0.03635854269217363,207528,53352,22724
sell,30,60,P3_full_raw,all,all,0.8946434454449447,-0.004915364694129298,-0.899558810139074,-0.015367756082960577,207528,71745,13303
sell,30,60,P3_depth_normalized,all,all,0.07673265823748227,0.25600382971922436,0.1792711714817421,0.021096515811856946,207528,90753,13761
sell,30,60,inverse_depth_denominator,all,all,1.7353722391546464,-0.7910797373496081,-2.5264519765042546,-0.04278587050657037,207528,21937,27968
sell,30,300,market_flow,all,all,0.6990127143866569,1.9370437165498913,1.2380310021632344,-0.006179829357102801,203928,20462,64408
sell,30,300,cancellation,all,all,1.8706273025919773,4.4174935678484015,2.5468662652564245,0.008255575544101805,203928,54720,22206
sell,30,300,negative_replenishment,all,all,3.1338783785189293,2.136063322123496,-0.9978150563954333,0.006617226784230874,203928,40083,21361
sell,30,300,P2_market_cancel_raw,all,all,1.983065422751106,4.533527742690922,2.5504623199398164,0.007661185130287089,203928,52614,22324
sell,30,300,P3_full_raw,all,all,2.1676159746649235,2.204096443083005,0.03648046841808128,0.02171104445101679,203928,70493,13263
sell,30,300,P3_depth_normalized,all,all,1.1415758522337742,3.288896970228571,2.147321117994797,0.04490548184026412,203928,89131,13588
sell,30,300,inverse_depth_denominator,all,all,4.548684848857447,0.9098927518898668,-3.63879209696758,-0.025720556559462454,203928,21446,27594
sell,60,1,market_flow,all,all,0.006656085648016035,0.004910177651896323,-0.0017459079961197116,0.002975976094629474,208413,20904,68470
sell,60,1,cancellation,all,all,-0.022590019844721997,0.05847042861184473,0.08106044845656674,0.03911719583649823,208413,61685,20244
sell,60,1,negative_replenishment,all,all,0.06912818447989756,-0.03815003132274254,-0.1072782158026401,-0.04532152530968514,208413,41094,20962
sell,60,1,P2_market_cancel_raw,all,all,-0.012803837027098863,0.057707382591677264,0.07051121961877613,0.03873170438574511,208413,59631,20379
sell,60,1,P3_full_raw,all,all,0.037368340070363014,-0.034300507709738075,-0.07166884778010109,-0.03275330498719017,208413,75896,11565
sell,60,1,P3_depth_normalized,all,all,0.0024418713709958412,-0.00919036819882883,-0.011632239569824671,0.0021073147315042013,208413,99112,11953
sell,60,1,inverse_depth_denominator,all,all,0.07734130624730223,-0.05609723162226301,-0.13343853786956525,-0.04319621273544035,208413,20472,30568
sell,60,5,market_flow,all,all,0.011621183537280094,0.03582016321383081,0.024198979676550714,-0.0004354940376628518,208353,20892,68452
sell,60,5,cancellation,all,all,-0.06352357631779394,0.22134164313051782,0.2848652194483118,0.058736087678016524,208353,61671,20244
sell,60,5,negative_replenishment,all,all,0.2573139581132135,-0.12071312846526755,-0.37802708657848105,-0.060573189467835596,208353,41089,20962
sell,60,5,P2_market_cancel_raw,all,all,-0.02752853257885321,0.2166649107211762,0.2441934433000294,0.058209704394154294,208353,59617,20379
sell,60,5,P3_full_raw,all,all,0.13533439351974877,-0.10748776513326266,-0.24282215865301143,-0.03966521112940214,208353,75868,11563
sell,60,5,P3_depth_normalized,all,all,-0.011993883994182664,0.0014380550259324191,0.013431939020115084,0.0075163947820644315,208353,99068,11953
sell,60,5,inverse_depth_denominator,all,all,0.32620466715580104,-0.19636064615019685,-0.5225653133059979,-0.0596686998191091,208353,20464,30548
sell,60,10,market_flow,all,all,-0.0056508913895640675,0.07809447395951613,0.0837453653490802,-0.005135744929700363,208278,20877,68429
sell,60,10,cancellation,all,all,-0.08341037500331556,0.33792599514151883,0.4213363701448344,0.05291102825135453,208278,61651,20244
sell,60,10,negative_replenishment,all,all,0.4270023039952046,-0.1648814734011941,-0.5918837773963987,-0.05499282971735705,208278,41080,20960
sell,60,10,P2_market_cancel_raw,all,all,-0.03184666531897482,0.32704598115221956,0.3588926464711944,0.05192743285888037,208278,59597,20379
sell,60,10,P3_full_raw,all,all,0.22431843921741867,-0.13858262656233086,-0.36290106577974957,-0.03641080043076503,208278,75833,11558
sell,60,10,P3_depth_normalized,all,all,-0.03414895175722694,-0.00617340939566056,0.027975542361566377,0.008766383270706665,208278,99014,11948
sell,60,10,inverse_depth_denominator,all,all,0.550295217455335,-0.31432887869165127,-0.8646240961469863,-0.05618679838375566,208278,20458,30526
sell,60,30,market_flow,all,all,0.07542213149648078,0.222696386074702,0.14727425457822121,-0.006818684387044072,207978,20817,68343
sell,60,30,cancellation,all,all,-0.1269525896139298,0.5654273722861937,0.6923799619001234,0.036487683649465606,207978,61560,20241
sell,60,30,negative_replenishment,all,all,0.8381649332263306,-0.03553415641311491,-0.8736990896394454,-0.03320170363929721,207978,41052,20926
sell,60,30,P2_market_cancel_raw,all,all,0.02079956340280644,0.534768958690538,0.5139693952877316,0.03485609226812403,207978,59504,20370
sell,60,30,P3_full_raw,all,all,0.3999707138458735,-0.03593396219239561,-0.4359046760382691,-0.01739763940735185,207978,75700,11538
sell,60,30,P3_depth_normalized,all,all,-0.02775647956661583,-0.11908045943156798,-0.09132397986495214,0.017406700741735046,207978,98819,11925
sell,60,30,inverse_depth_denominator,all,all,1.2080816117498845,-0.47170746090248544,-1.6797890726523699,-0.04142605660109438,207978,20420,30461
sell,60,60,market_flow,all,all,0.2256805342529876,0.5379056115824902,0.31222507732950255,-0.009107796630696665,207528,20745,68188
sell,60,60,cancellation,all,all,-0.14289484777696004,0.6221897949324801,0.7650846427094401,0.01851766743425352,207528,61466,20241
sell,60,60,negative_replenishment,all,all,0.9436572163429954,0.21443903806191775,-0.7292181782810776,-0.006962408906155579,207528,41000,20905
sell,60,60,P2_market_cancel_raw,all,all,0.21241446314643375,0.5573463696508166,0.3449319065043829,0.016396361444092157,207528,59439,20370
sell,60,60,P3_full_raw,all,all,0.54186067841808,0.12844590863149888,-0.4134147697865812,0.0030082976788189902,207528,75509,11529
sell,60,60,P3_depth_normalized,all,all,0.10276389949420062,-0.2914168800282932,-0.3941807795224938,0.021368632762198317,207528,98607,11921
sell,60,60,inverse_depth_denominator,all,all,1.6719449599177083,-0.5636352407368685,-2.235580200654577,-0.021097058908362797,207528,20403,30429
sell,60,300,market_flow,all,all,1.5781621912439525,1.9720649011949454,0.39390270995099286,-0.003628769044429654,203928,20227,66940
sell,60,300,cancellation,all,all,1.6391377259953617,5.600972185728094,3.9618344597327324,0.005914700459767335,203928,60474,19880
sell,60,300,negative_replenishment,all,all,3.2992377571112916,2.173979968112286,-1.1252577889990056,0.013047398991497896,203928,40244,20751
sell,60,300,P2_market_cancel_raw,all,all,2.2241737005218765,5.557280453612599,3.333106753090722,0.0059201039739496105,203928,58612,20016
sell,60,300,P3_full_raw,all,all,1.9745639325583733,3.5970895723729566,1.6225256398145833,0.02903570560860345,203928,74236,11519
sell,60,300,P3_depth_normalized,all,all,0.9792249600550682,4.592328331134437,3.613103371079369,0.049618536415838514,203928,96912,11742
sell,60,300,inverse_depth_denominator,all,all,4.530743427559913,1.0909373558512514,-3.4398060717086616,-0.02405488191583932,203928,19949,30080
