step,mid_price,microprice,microprice_deviation,spread_bps,queue_imbalance,signed_trade_volume,order_flow_imbalance
1,10000.0,10000.0206185567,0.02061855670035584,2.0,0.020618556701030927,0,0.0
2,10000.0,9999.980198019803,-0.01980198019737145,2.0,-0.019801980198019802,0,0.0
3,10000.0,9999.947368421053,-0.05263157894660253,2.0,-0.05263157894736842,0,0.0
4,10000.0,9999.970588235294,-0.02941176470631035,2.0,-0.029411764705882353,5,1.0
5,10000.0,9999.990384615385,-0.009615384615244693,2.0,-0.009615384615384616,0,0.0
6,10000.0,10000.023255813954,0.023255813954165205,2.0,0.023255813953488372,0,0.0
7,10000.0,10000.032258064517,0.03225806451700919,2.0,0.03225806451612903,0,0.0
8,10000.0,10000.009433962265,0.009433962264665752,2.0,0.009433962264150943,-5,-1.0
9,10000.0,10000.018691588784,0.018691588784349733,2.0,0.018691588785046728,0,0.0
10,10000.0,10000.045454545454,0.045454545454049367,2.0,0.045454545454545456,0,0.0
11,10000.0,10000.049773755656,0.04977375565613329,2.0,0.049773755656108594,0,0.0
12,10000.0,10000.058295964125,0.05829596412513638,2.0,0.05829596412556054,0,0.0
13,10000.0,10000.02608695652,0.026086956520884996,2.0,0.02608695652173913,0,0.0
14,10000.0,10000.01287553648,0.012875536480351002,2.0,0.012875536480686695,0,0.0
15,10000.0,10000.0,0.0,2.0,0.0,0,0.0
16,10000.0,10000.028806584362,0.028806584361518617,2.0,0.02880658436213992,0,0.0
17,10000.0,10000.032786885246,0.032786885245513986,2.0,0.03278688524590164,0,0.0
18,10000.0,10000.008,0.007999999999810825,2.0,0.008,0,0.0
19,10000.0,9999.992125984252,-0.007874015747802332,2.0,-0.007874015748031496,0,0.0
20,10000.0,9999.972972972973,-0.027027027026633732,2.0,-0.02702702702702703,0,0.0
21,10000.0,10000.02024291498,0.020242914979462512,2.0,0.020242914979757085,12,1.0
22,10000.0,10000.003984063746,0.003984063745519961,2.0,0.00398406374501992,0,0.0
23,9999.5,9999.545454545454,0.045454545454049367,1.000050002500125,0.09090909090909091,0,0.0
24,9999.5,9999.51012145749,0.010121457489731256,1.000050002500125,0.020242914979757085,0,0.0
25,9999.5,9999.479087452472,-0.02091254752849636,1.000050002500125,-0.04182509505703422,0,0.0
26,9999.5,9999.464944649446,-0.035055350554102915,1.000050002500125,-0.07011070110701106,0,0.0
27,9999.5,9999.461538461539,-0.03846153846097877,1.000050002500125,-0.07692307692307693,0,0.0
28,9999.5,9999.458181818181,-0.04181818181859853,1.000050002500125,-0.08363636363636363,0,0.0
29,9999.5,9999.45487364621,-0.04512635379069252,1.000050002500125,-0.09025270758122744,0,0.0
30,9999.5,9999.45,-0.049999999999272404,1.000050002500125,-0.1,0,0.0
31,9999.5,9999.465277777777,-0.03472222222262644,1.000050002500125,-0.06944444444444445,0,0.0
32,9999.5,9999.480286738351,-0.019713261648576008,1.000050002500125,-0.03942652329749104,9,1.0
33,9999.5,9999.491228070176,-0.008771929824433755,1.000050002500125,-0.017543859649122806,0,0.0
34,9999.5,9999.516666666666,0.016666666666424135,1.000050002500125,0.03333333333333333,0,0.0
35,9999.5,9999.53633217993,0.036332179930468556,1.000050002500125,0.0726643598615917,11,1.0
36,9999.5,9999.54109589041,0.04109589041036088,1.000050002500125,0.0821917808219178,0,0.0
37,9999.5,9999.51633986928,0.01633986928027298,1.000050002500125,0.032679738562091505,0,0.0
38,9999.5,9999.524115755627,0.024115755626553437,1.000050002500125,0.04823151125401929,0,0.0
39,9999.5,9999.510971786834,0.01097178683448874,1.000050002500125,0.0219435736677116,0,0.0
40,9999.5,9999.522435897436,0.02243589743557095,1.000050002500125,0.04487179487179487,7,1.0
41,9999.5,9999.534426229508,0.03442622950751684,1.000050002500125,0.06885245901639345,7,1.0
42,9999.5,9999.535947712418,0.03594771241841954,1.000050002500125,0.0718954248366013,0,0.0
43,9999.5,9999.523489932886,0.0234899328861502,1.000050002500125,0.04697986577181208,0,0.0
44,9999.5,9999.535947712418,0.03594771241841954,1.000050002500125,0.0718954248366013,0,0.0
45,9999.5,9999.514106583072,0.014106583072134526,1.000050002500125,0.02821316614420063,0,0.0
46,9999.5,9999.503067484662,0.003067484662096831,1.000050002500125,0.006134969325153374,0,0.0
47,9999.5,9999.5,0.0,1.000050002500125,0.0,0,0.0
48,9999.5,9999.486646884274,-0.013353115726204123,1.000050002500125,-0.026706231454005934,0,0.0
49,9999.5,9999.5,0.0,1.000050002500125,0.0,0,0.0
50,9999.5,9999.519444444444,0.01944444444416149,1.000050002500125,0.03888888888888889,0,0.0
51,9999.5,9999.52602739726,0.026027397259895224,1.000050002500125,0.052054794520547946,0,0.0
52,9999.5,9999.536193029491,0.03619302949118719,1.000050002500125,0.07238605898123325,0,0.0
53,9999.5,9999.538666666667,0.038666666667268146,1.000050002500125,0.07733333333333334,0,0.0
54,9999.5,9999.548302872063,0.04830287206277717,1.000050002500125,0.09660574412532637,0,0.0
55,9999.5,9999.549479166666,0.04947916666606034,1.000050002500125,0.09895833333333333,0,0.0
56,9999.5,9999.532828282829,0.03282828282863193,1.000050002500125,0.06565656565656566,0,0.0
57,9999.5,9999.523195876289,0.023195876288809814,1.000050002500125,0.04639175257731959,-8,-1.0
58,9999.5,9999.517857142857,0.017857142856883,1.000050002500125,0.03571428571428571,0,0.0
59,9999.5,9999.510050251256,0.010050251255961484,1.000050002500125,0.020100502512562814,0,0.0
60,9999.5,9999.524547803618,0.024547803617679165,1.000050002500125,0.04909560723514212,11,1.0
61,9999.5,9999.528205128205,0.028205128204717766,1.000050002500125,0.05641025641025641,0,0.0
62,9999.5,9999.537859007833,0.037859007832594216,1.000050002500125,0.07571801566579635,7,1.0
63,9999.5,9999.540259740259,0.04025974025898904,1.000050002500125,0.08051948051948052,0,0.0
64,9999.5,9999.53470437018,0.03470437018040684,1.000050002500125,0.06940874035989718,0,0.0
65,9999.5,9999.54292929293,0.04292929292932968,1.000050002500125,0.08585858585858586,0,0.0
66,9999.5,9999.52987012987,0.02987012987068738,1.000050002500125,0.05974025974025974,-11,-1.0
67,9999.5,9999.532299741602,0.0322997416024009,1.000050002500125,0.06459948320413436,0,0.0
68,9999.5,9999.549333333332,0.04933333333246992,1.000050002500125,0.09866666666666667,12,1.0
69,9999.5,9999.555263157894,0.05526315789393266,1.000050002500125,0.11052631578947368,0,0.0
70,9999.5,9999.5368956743,0.03689567430046736,1.000050002500125,0.0737913486005089,0,0.0
71,9999.5,9999.539240506328,0.03924050632849685,1.000050002500125,0.07848101265822785,0,0.0
72,9999.5,9999.533333333333,0.03333333333284827,1.000050002500125,0.06666666666666667,-5,-1.0
73,9999.5,9999.52,0.020000000000436557,1.000050002500125,0.04,0,0.0
74,9999.5,9999.529411764706,0.02941176470631035,1.000050002500125,0.058823529411764705,0,0.0
75,9999.5,9999.521739130434,0.02173913043407083,1.000050002500125,0.043478260869565216,0,0.0
76,9999.5,9999.512315270937,0.01231527093659679,1.000050002500125,0.024630541871921183,-8,-1.0
77,9999.5,9999.502415458937,0.002415458937321091,1.000050002500125,0.004830917874396135,0,0.0
78,9999.5,9999.504807692309,0.004807692308531841,1.000050002500125,0.009615384615384616,0,0.0
79,9999.5,9999.508353221958,0.008353221957804635,1.000050002500125,0.016706443914081145,0,0.0
80,9999.5,9999.515294117647,0.015294117647499661,1.000050002500125,0.03058823529411765,0,0.0
81,9999.5,9999.506944444445,0.006944444445252884,1.000050002500125,0.013888888888888888,0,0.0
82,9999.5,9999.502293577982,0.002293577981618,1.000050002500125,0.0045871559633027525,0,0.0
83,9999.5,9999.493243243243,-0.006756756756658433,1.000050002500125,-0.013513513513513514,0,0.0
84,9999.5,9999.485587583149,-0.014412416850973386,1.000050002500125,-0.028824833702882482,0,0.0
85,9999.5,9999.488986784141,-0.011013215858838521,1.000050002500125,-0.022026431718061675,0,0.0
86,9999.5,9999.497835497836,-0.002164502164305304,1.000050002500125,-0.004329004329004329,0,0.0
87,9999.5,9999.507430997877,0.007430997877236223,1.000050002500125,0.014861995753715499,0,0.0
88,9999.5,9999.511578947368,0.011578947367524961,1.000050002500125,0.023157894736842106,0,0.0
89,9999.5,9999.522580645162,0.022580645161724533,1.000050002500125,0.04516129032258064,10,1.0
90,9999.5,9999.513157894737,0.013157894736650633,1.000050002500125,0.02631578947368421,-9,-1.0
91,9999.5,9999.510917030568,0.010917030567725305,1.000050002500125,0.021834061135371178,0,0.0
92,9999.5,9999.502145922746,0.002145922746422002,1.000050002500125,0.004291845493562232,0,0.0
93,9999.5,9999.5,0.0,1.000050002500125,0.0,0,0.0
94,9999.5,9999.497872340426,-0.0021276595743984217,1.000050002500125,-0.00425531914893617,0,0.0
95,9999.5,9999.498938428875,-0.0010615711253194604,1.000050002500125,-0.0021231422505307855,0,0.0
96,9999.5,9999.506276150627,0.006276150626945309,1.000050002500125,0.012552301255230125,0,0.0
97,9999.5,9999.496919917865,-0.0030800821350567276,1.000050002500125,-0.006160164271047228,0,0.0
98,9999.5,9999.490872210954,-0.009127789046033286,1.000050002500125,-0.018255578093306288,0,0.0
99,9999.5,9999.498,-0.0020000000004074536,1.000050002500125,-0.004,0,0.0
100,9999.5,9999.50493096647,0.004930966470055864,1.000050002500125,0.009861932938856016,0,0.0
101,9999.5,9999.500978473581,0.0009784735811990686,1.000050002500125,0.0019569471624266144,0,0.0
102,9999.5,9999.493256262042,-0.006743737958458951,1.000050002500125,-0.01348747591522158,0,0.0
103,9999.5,9999.491362763916,-0.00863723608381406,1.000050002500125,-0.01727447216890595,0,0.0
104,9999.5,9999.487619047619,-0.012380952381136012,1.000050002500125,-0.024761904761904763,0,0.0
105,9999.5,9999.484848484848,-0.015151515151956119,1.000050002500125,-0.030303030303030304,0,0.0
106,9999.5,9999.491362763916,-0.00863723608381406,1.000050002500125,-0.01727447216890595,7,1.0
107,9999.5,9999.495238095238,-0.004761904761835467,1.000050002500125,-0.009523809523809525,0,0.0
108,9999.5,9999.491493383743,-0.00850661625736393,1.000050002500125,-0.017013232514177693,0,0.0
109,9999.5,9999.506422018349,0.0064220183485304005,1.000050002500125,0.012844036697247707,0,0.0
110,9999.5,9999.51268115942,0.012681159420026233,1.000050002500125,0.025362318840579712,0,0.0
111,9999.5,9999.505357142858,0.005357142857974395,1.000050002500125,0.010714285714285714,0,0.0
112,9999.5,9999.507117437723,0.0071174377226270735,1.000050002500125,0.014234875444839857,0,0.0
113,9999.5,9999.512323943662,0.012323943661613157,1.000050002500125,0.02464788732394366,0,0.0
114,9999.5,9999.509632224168,0.009632224167944514,1.000050002500125,0.01926444833625219,0,0.0
115,9999.5,9999.506086956522,0.006086956522267428,1.000050002500125,0.01217391304347826,0,0.0
116,9999.5,9999.502590673575,0.002590673575468827,1.000050002500125,0.0051813471502590676,0,0.0
117,9999.5,9999.507692307692,0.0076923076921957545,1.000050002500125,0.015384615384615385,0,0.0
118,9999.5,9999.51103565365,0.011035653649742017,1.000050002500125,0.022071307300509338,0,0.0
119,9999.5,9999.51677852349,0.01677852348984743,1.000050002500125,0.03355704697986577,0,0.0
120,9999.5,9999.522388059702,0.02238805970227986,1.000050002500125,0.04477611940298507,0,0.0
121,9999.5,9999.531197301854,0.03119730185426306,1.000050002500125,0.06239460370994941,10,1.0
122,9999.5,9999.537437603993,0.03743760399265739,1.000050002500125,0.07487520798668885,0,0.0
123,9999.5,9999.531197301854,0.03119730185426306,1.000050002500125,0.06239460370994941,-8,-1.0
124,9999.5,9999.534338358459,0.03433835845862632,1.000050002500125,0.06867671691792294,0,0.0
125,9999.5,9999.539735099337,0.03973509933712194,1.000050002500125,0.07947019867549669,0,0.0
126,9999.5,9999.542009884679,0.04200988467891875,1.000050002500125,0.08401976935749589,0,0.0
127,9999.5,9999.540229885057,0.040229885056760395,1.000050002500125,0.08045977011494253,0,0.0
128,9999.5,9999.539344262295,0.03934426229534438,1.000050002500125,0.07868852459016394,0,0.0
129,9999.5,9999.528938906753,0.028938906752955518,1.000050002500125,0.05787781350482315,0,0.0
130,9999.5,9999.524720893141,0.024720893141420675,1.000050002500125,0.049441786283891544,0,0.0
131,9999.5,9999.523052464228,0.02305246422838536,1.000050002500125,0.046104928457869634,0,0.0
132,9999.5,9999.51811023622,0.01811023622030916,1.000050002500125,0.03622047244094488,0,0.0
133,9999.5,9999.505376344086,0.005376344086471363,1.000050002500125,0.010752688172043012,0,0.0
134,9999.5,9999.508500772798,0.008500772797560785,1.000050002500125,0.017001545595054096,4,1.0
135,9999.5,9999.5140625,0.014062500000363798,1.000050002500125,0.028125,7,1.0
136,9999.5,9999.520061728395,0.02006172839537612,1.000050002500125,0.040123456790123455,0,0.0
137,9999.5,9999.522273425498,0.02227342549849709,1.000050002500125,0.0445468509984639,0,0.0
138,9999.5,9999.525914634147,0.025914634146829485,1.000050002500125,0.051829268292682924,0,0.0
139,9999.5,9999.532407407407,0.03240740740693582,1.000050002500125,0.06481481481481481,8,1.0
140,9999.5,9999.53527607362,0.03527607362048002,1.000050002500125,0.0705521472392638,0,0.0
141,9999.5,9999.53168469861,0.03168469860975165,1.000050002500125,0.0633693972179289,-5,-1.0
142,9999.5,9999.52283464567,0.022834645669718157,1.000050002500125,0.04566929133858268,-12,-1.0
143,9999.5,9999.522012578616,0.02201257861634076,1.000050002500125,0.0440251572327044,0,0.0
144,9999.5,9999.526479750779,0.026479750778889866,1.000050002500125,0.0529595015576324,0,0.0
145,9999.5,9999.520801232666,0.020801232665689895,1.000050002500125,0.04160246533127889,0,0.0
146,9999.5,9999.509803921568,0.009803921568163787,1.000050002500125,0.0196078431372549,0,0.0
147,9999.5,9999.503725782415,0.003725782415131107,1.000050002500125,0.007451564828614009,0,0.0
148,9999.5,9999.500740740741,0.0007407407410937594,1.000050002500125,0.0014814814814814814,0,0.0
149,9999.5,9999.492469879518,-0.007530120481533231,1.000050002500125,-0.015060240963855422,-11,-1.0
150,9999.5,9999.491729323308,-0.008270676691608969,1.000050002500125,-0.016541353383458645,0,0.0
151,9999.5,9999.494768310911,-0.005231689088759595,1.000050002500125,-0.01046337817638266,0,0.0
152,9999.5,9999.491097922848,-0.008902077152015409,1.000050002500125,-0.017804154302670624,0,0.0
153,9999.5,9999.489644970414,-0.01035502958620782,1.000050002500125,-0.020710059171597635,0,0.0
154,9999.5,9999.498546511628,-0.0014534883721353253,1.000050002500125,-0.0029069767441860465,0,0.0
155,9999.5,9999.504310344828,0.004310344827899826,1.000050002500125,0.008620689655172414,0,0.0
156,9999.5,9999.507142857143,0.007142857142753201,1.000050002500125,0.014285714285714285,0,0.0
157,9999.5,9999.50141242938,0.0014124293793429388,1.000050002500125,0.002824858757062147,0,0.0
158,9999.5,9999.497198879551,-0.0028011204485665075,1.000050002500125,-0.0056022408963585435,0,0.0
159,9999.5,9999.49442896936,-0.005571030640567187,1.000050002500125,-0.011142061281337047,0,0.0
160,9999.5,9999.500705218617,0.0007052186174405506,1.000050002500125,0.0014104372355430183,9,1.0
161,9999.5,9999.503506311361,0.0035063113609794527,1.000050002500125,0.0070126227208976155,0,0.0
162,9999.5,9999.50069735007,0.00069735006945848,1.000050002500125,0.001394700139470014,0,0.0
163,9999.5,9999.49861111111,-0.0013888888897781726,1.000050002500125,-0.002777777777777778,0,0.0
164,9999.5,9999.48721590909,-0.012784090909917722,1.000050002500125,-0.02556818181818182,0,0.0
165,9999.5,9999.49297752809,-0.007022471909294836,1.000050002500125,-0.014044943820224719,0,0.0
166,9999.5,9999.498579545454,-0.0014204545459506335,1.000050002500125,-0.002840909090909091,8,1.0
167,9999.5,9999.502115655854,0.002115655854140641,1.000050002500125,0.004231311706629055,0,0.0
168,9999.5,9999.506983240224,0.006983240224144538,1.000050002500125,0.013966480446927373,0,0.0
169,9999.5,9999.509040333796,0.009040333796292543,1.000050002500125,0.01808066759388039,0,0.0
170,9999.5,9999.49863760218,-0.001362397819320904,1.000050002500125,-0.0027247956403269754,0,0.0
171,9999.5,9999.49593495935,-0.00406504064994806,1.000050002500125,-0.008130081300813009,0,0.0
172,9999.5,9999.49259757739,-0.007402422610539361,1.000050002500125,-0.014804845222072678,0,0.0
173,9999.5,9999.491275167786,-0.008724832214284106,1.000050002500125,-0.0174496644295302,0,0.0
174,9999.5,9999.488,-0.012000000000625732,1.000050002500125,-0.024,0,0.0
175,9999.5,9999.486055776892,-0.01394422310841037,1.000050002500125,-0.027888446215139442,0,0.0
176,9999.5,9999.481578947369,-0.018421052631310886,1.000050002500125,-0.03684210526315789,0,0.0
177,9999.5,9999.480946123522,-0.01905387647821044,1.000050002500125,-0.03810775295663601,0,0.0
178,9999.5,9999.487678339818,-0.01232166018235148,1.000050002500125,-0.02464332036316472,0,0.0
179,9999.5,9999.489003880983,-0.010996119017363526,1.000050002500125,-0.02199223803363519,0,0.0
180,9999.5,9999.491634491635,-0.008365508365386631,1.000050002500125,-0.01673101673101673,0,0.0
181,9999.5,9999.49358974359,-0.006410256410163129,1.000050002500125,-0.01282051282051282,0,0.0
182,9999.5,9999.496815286624,-0.0031847133759583812,1.000050002500125,-0.006369426751592357,0,0.0
183,9999.5,9999.495552731893,-0.0044472681074694265,1.000050002500125,-0.008894536213468869,0,0.0
184,9999.5,9999.490566037735,-0.009433962264665752,1.000050002500125,-0.018867924528301886,0,0.0
185,9999.5,9999.486284289276,-0.013715710723772645,1.000050002500125,-0.02743142144638404,0,0.0
186,9999.5,9999.485678704857,-0.014321295142508461,1.000050002500125,-0.028642590286425903,0,0.0
187,9999.5,9999.489949748744,-0.010050251255961484,1.000050002500125,-0.020100502512562814,7,1.0
188,9999.5,9999.495024875621,-0.0049751243786886334,1.000050002500125,-0.009950248756218905,0,0.0
189,9999.5,9999.49075215783,-0.00924784217022534,1.000050002500125,-0.018495684340320593,0,0.0
190,9999.5,9999.494492044063,-0.005507955936991493,1.000050002500125,-0.011015911872705019,0,0.0
191,9999.5,9999.496341463415,-0.0036585365851351526,1.000050002500125,-0.007317073170731708,0,0.0
192,9999.5,9999.49154589372,-0.008454106280623819,1.000050002500125,-0.016908212560386472,0,0.0
193,9999.5,9999.483435582822,-0.016564417177505675,1.000050002500125,-0.033128834355828224,-13,-1.0
194,9999.5,9999.487834549878,-0.012165450121756294,1.000050002500125,-0.024330900243309004,0,0.0
195,9999.5,9999.498756218905,-0.0012437810946721584,1.000050002500125,-0.0024875621890547263,18,1.0
196,9999.5,9999.496287128713,-0.0037128712865523994,1.000050002500125,-0.007425742574257425,0,0.0
197,9999.5,9999.495061728396,-0.0049382716042600805,1.000050002500125,-0.009876543209876543,0,0.0
198,9999.5,9999.50376884422,0.003768844220758183,1.000050002500125,0.007537688442211055,14,1.0
199,9999.5,9999.495530012771,-0.004469987228731043,1.000050002500125,-0.008939974457215836,-13,-1.0
200,9999.5,9999.508519003932,0.008519003931724,1.000050002500125,0.01703800786369594,20,1.0
201,9999.5,9999.503896103895,0.0038961038953857496,1.000050002500125,0.007792207792207792,0,0.0
202,9999.5,9999.505821474773,0.005821474773256341,1.000050002500125,0.01164294954721863,0,0.0
203,9999.5,9999.507096774194,0.00709677419399668,1.000050002500125,0.014193548387096775,0,0.0
204,9999.5,9999.50644329897,0.006443298969315947,1.000050002500125,0.01288659793814433,0,0.0
205,9999.5,9999.501275510203,0.0012755102034134325,1.000050002500125,0.002551020408163265,0,0.0
206,9999.5,9999.496212121212,-0.0037878787879890297,1.000050002500125,-0.007575757575757576,0,0.0
207,9999.5,9999.498743718594,-0.0012562814063130645,1.000050002500125,-0.002512562814070352,0,0.0
208,9999.5,9999.494396014945,-0.0056039850551314885,1.000050002500125,-0.0112079701120797,0,0.0
209,9999.5,9999.495024875621,-0.0049751243786886334,1.000050002500125,-0.009950248756218905,0,0.0
210,9999.5,9999.510911424904,0.010911424904406886,1.000050002500125,0.021822849807445442,25,1.0
211,9999.5,9999.527152317882,0.027152317881700583,1.000050002500125,0.054304635761589407,24,1.0
212,9999.5,9999.531496062993,0.03149606299302832,1.000050002500125,0.06299212598425197,0,0.0
213,9999.5,9999.534550195567,0.03455019556713523,1.000050002500125,0.06910039113428944,0,0.0
214,9999.5,9999.538759689922,0.038759689921789686,1.000050002500125,0.07751937984496124,0,0.0
215,9999.5,9999.53737113402,0.037371134019849706,1.000050002500125,0.07474226804123711,0,0.0
216,9999.5,9999.526515151516,0.026515151515923208,1.000050002500125,0.05303030303030303,0,0.0
217,9999.5,9999.530663329162,0.030663329162052833,1.000050002500125,0.06132665832290363,0,0.0
218,9999.5,9999.545688545688,0.04568854568788083,1.000050002500125,0.09137709137709138,22,1.0
219,9999.5,9999.546272493573,0.04627249357326946,1.000050002500125,0.09254498714652956,0,0.0
220,9999.5,9999.550318471338,0.050318471337959636,1.000050002500125,0.10063694267515924,0,0.0
221,9999.5,9999.544080604534,0.04408060453351936,1.000050002500125,0.08816120906801007,0,0.0
222,9999.5,9999.545796737766,0.04579673776606796,1.000050002500125,0.09159347553324969,0,0.0
223,9999.5,9999.56420233463,0.06420233462995384,1.000050002500125,0.12840466926070038,26,1.0
224,9999.5,9999.554846938776,0.054846938775881426,1.000050002500125,0.1096938775510204,0,0.0
225,9999.5,9999.551330798478,0.05133079847837507,1.000050002500125,0.10266159695817491,0,0.0
226,9999.5,9999.545796737766,0.04579673776606796,1.000050002500125,0.09159347553324969,0,0.0
227,9999.5,9999.541718555418,0.04171855541790137,1.000050002500125,0.08343711083437111,0,0.0
228,9999.5,9999.538366336634,0.038366336633771425,1.000050002500125,0.07673267326732673,0,0.0
229,9999.5,9999.542892156862,0.04289215686185344,1.000050002500125,0.0857843137254902,0,0.0
230,9999.5,9999.556532663317,0.05653266331682971,1.000050002500125,0.11306532663316583,20,1.0
231,9999.5,9999.551681195517,0.051681195516721345,1.000050002500125,0.10336239103362391,0,0.0
232,9999.5,9999.562897077509,0.06289707750875095,1.000050002500125,0.12579415501905972,0,0.0
233,9999.5,9999.558638083228,0.05863808322828845,1.000050002500125,0.11727616645649433,0,0.0
234,9999.5,9999.54758961681,0.047589616810000734,1.000050002500125,0.09517923362175525,0,0.0
235,9999.5,9999.537621359223,0.03762135922261223,1.000050002500125,0.07524271844660194,0,0.0
236,9999.5,9999.52738095238,0.027380952380553936,1.000050002500125,0.05476190476190476,0,0.0
237,9999.5,9999.52794292509,0.02794292508951912,1.000050002500125,0.0558858501783591,0,0.0
238,9999.5,9999.52962085308,0.02962085307990492,1.000050002500125,0.05924170616113744,0,0.0
239,9999.5,9999.540507859734,0.0405078597341344,1.000050002500125,0.08101571946795647,17,1.0
240,9999.5,9999.54381752701,0.04381752701010555,1.000050002500125,0.08763505402160865,0,0.0
241,9999.5,9999.540572792363,0.04057279236258182,1.000050002500125,0.081145584725537,0,0.0
242,9999.5,9999.539285714285,0.0392857142851426,1.000050002500125,0.07857142857142857,0,0.0
243,9999.5,9999.543093270366,0.04309327036571631,1.000050002500125,0.08618654073199528,0,0.0
244,9999.5,9999.539906103286,0.039906103285829886,1.000050002500125,0.07981220657276995,0,0.0
245,9999.5,9999.536756126021,0.0367561260209186,1.000050002500125,0.073512252042007,0,0.0
246,9999.5,9999.534262485482,0.03426248548203148,1.000050002500125,0.06852497096399536,0,0.0
247,9999.5,9999.531791907515,0.031791907515071216,1.000050002500125,0.06358381502890173,0,0.0
248,9999.5,9999.528735632184,0.02873563218417985,1.000050002500125,0.05747126436781609,0,0.0
249,9999.5,9999.529276693456,0.02927669345626782,1.000050002500125,0.05855338691159587,0,0.0
250,9999.5,9999.530892448513,0.0308924485125317,1.000050002500125,0.06178489702517163,0,0.0
251,9999.5,9999.526674233824,0.02667423382445122,1.000050002500125,0.053348467650397274,0,0.0
252,9999.5,9999.522522522522,0.022522522522194777,1.000050002500125,0.04504504504504504,0,0.0
253,9999.5,9999.512082853855,0.012082853854735731,1.000050002500125,0.024165707710011506,0,0.0
254,9999.5,9999.504535147393,0.004535147392743966,1.000050002500125,0.009070294784580499,0,0.0
255,9999.5,9999.501126126126,0.0011261261261097388,1.000050002500125,0.0022522522522522522,0,0.0
256,9999.5,9999.49720670391,-0.0027932960892940173,1.000050002500125,-0.00558659217877095,0,0.0
257,9999.5,9999.496098104793,-0.0039018952065816848,1.000050002500125,-0.007803790412486065,0,0.0
258,9999.5,9999.495545657015,-0.004454342984899995,1.000050002500125,-0.008908685968819599,0,0.0
259,9999.5,9999.494444444445,-0.005555555555474712,1.000050002500125,-0.011111111111111112,0,0.0
260,9999.5,9999.497792494481,-0.0022075055185268866,1.000050002500125,-0.004415011037527594,0,0.0
261,9999.5,9999.50054884742,0.0005488474198500626,1.000050002500125,0.0010976948408342481,0,0.0
262,9999.5,9999.496191512513,-0.003808487486821832,1.000050002500125,-0.007616974972796518,0,0.0
263,9999.5,9999.495114006515,-0.004885993485004292,1.000050002500125,-0.009771986970684038,0,0.0
264,9999.5,9999.498381877023,-0.001618122976651648,1.000050002500125,-0.003236245954692557,0,0.0
265,9999.5,9999.506369426752,0.0063694267519167624,1.000050002500125,0.012738853503184714,0,0.0
266,9999.5,9999.516793066088,0.016793066088212072,1.000050002500125,0.03358613217768147,0,0.0
267,9999.5,9999.522453450165,0.022453450164903188,1.000050002500125,0.044906900328587074,10,1.0
268,9999.5,9999.525571273123,0.025571273123205174,1.000050002500125,0.051142546245919476,0,0.0
269,9999.5,9999.525,0.024999999999636202,1.000050002500125,0.05,0,0.0
270,9999.5,9999.524429967427,0.02442996742684045,1.000050002500125,0.048859934853420196,0,0.0
271,9999.5,9999.519209659715,0.019209659714761074,1.000050002500125,0.038419319429198684,-10,-1.0
272,9999.5,9999.513333333334,0.013333333334230701,1.000050002500125,0.02666666666666667,-11,-1.0
273,9999.5,9999.510067114094,0.01006711409354466,1.000050002500125,0.020134228187919462,-6,-1.0
274,9999.5,9999.50723025584,0.0072302558401133865,1.000050002500125,0.014460511679644048,0,0.0
275,9999.5,9999.506104328524,0.006104328524088487,1.000050002500125,0.01220865704772475,0,0.0
276,9999.5,9999.510451045104,0.010451045103764045,1.000050002500125,0.020902090209020903,0,0.0
277,9999.5,9999.503800217155,0.003800217155003338,1.000050002500125,0.00760043431053203,0,0.0
278,9999.5,9999.507543103447,0.007543103447460453,1.000050002500125,0.015086206896551725,0,0.0
279,9999.5,9999.508602150538,0.008602150537626585,1.000050002500125,0.017204301075268817,0,0.0
280,9999.5,9999.511351351352,0.011351351351549965,1.000050002500125,0.022702702702702703,5,1.0
281,9999.5,9999.514500537058,0.014500537057756446,1.000050002500125,0.02900107411385607,0,0.0
282,9999.5,9999.518123667378,0.01812366737794946,1.000050002500125,0.03624733475479744,0,0.0
283,9999.5,9999.520678685049,0.020678685048551415,1.000050002500125,0.041357370095440084,0,0.0
284,9999.5,9999.522198731502,0.02219873150170315,1.000050002500125,0.04439746300211417,0,0.0
285,9999.5,9999.525210084033,0.02521008403346059,1.000050002500125,0.05042016806722689,0,0.0
286,9999.5,9999.521693121693,0.021693121692806017,1.000050002500125,0.04338624338624339,-7,-1.0
287,9999.5,9999.522198731502,0.02219873150170315,1.000050002500125,0.04439746300211417,0,0.0
288,9999.5,9999.516736401674,0.016736401674279477,1.000050002500125,0.03347280334728033,0,0.0
289,9999.5,9999.516196447232,0.01619644723177771,1.000050002500125,0.03239289446185998,0,0.0
290,9999.5,9999.511917098445,0.011917098445337615,1.000050002500125,0.02383419689119171,0,0.0
291,9999.5,9999.512422360249,0.012422360248820041,1.000050002500125,0.024844720496894408,0,0.0
292,9999.5,9999.517782426778,0.017782426777557703,1.000050002500125,0.03556485355648536,10,1.0
293,9999.5,9999.518789144051,0.018789144050970208,1.000050002500125,0.037578288100208766,0,0.0
294,9999.5,9999.52205882353,0.022058823529732763,1.000050002500125,0.04411764705882353,6,1.0
295,9999.5,9999.525547445255,0.02554744525514252,1.000050002500125,0.051094890510948905,0,0.0
296,9999.5,9999.523364485982,0.02336448598180141,1.000050002500125,0.04672897196261682,0,0.0
297,9999.5,9999.522279792745,0.022279792745393934,1.000050002500125,0.04455958549222798,0,0.0
298,9999.5,9999.52012383901,0.020123839009102085,1.000050002500125,0.04024767801857585,0,0.0
299,9999.5,9999.522096608427,0.02209660842709127,1.000050002500125,0.044193216855087356,0,0.0
300,9999.5,9999.518896833504,0.01889683350418636,1.000050002500125,0.03779366700715015,0,0.0
301,9999.5,9999.52479338843,0.02479338842931611,1.000050002500125,0.049586776859504134,11,1.0
302,9999.5,9999.518828451883,0.018828451882654917,1.000050002500125,0.03765690376569038,-12,-1.0
303,9999.5,9999.515057113187,0.015057113187140203,1.000050002500125,0.030114226375908618,0,0.0
304,9999.5,9999.510813594232,0.010813594231876777,1.000050002500125,0.021627188465499485,0,0.0
305,9999.5,9999.505723204995,0.0057232049948652275,1.000050002500125,0.011446409989594173,-10,-1.0
306,9999.5,9999.502066115703,0.0020661157032009214,1.000050002500125,0.004132231404958678,0,0.0
307,9999.5,9999.49896049896,-0.0010395010394859128,1.000050002500125,-0.002079002079002079,-6,-1.0
308,9999.5,9999.495356037152,-0.004643962847694638,1.000050002500125,-0.009287925696594427,0,0.0
309,9999.5,9999.500521376434,0.0005213764343352523,1.000050002500125,0.0010427528675703858,10,1.0
310,9999.5,9999.503626943006,0.003626943005656358,1.000050002500125,0.007253886010362694,0,0.0
311,9999.5,9999.497950819672,-0.002049180327958311,1.000050002500125,-0.004098360655737705,0,0.0
312,9999.5,9999.495918367347,-0.004081632652741973,1.000050002500125,-0.00816326530612245,0,0.0
313,9999.5,9999.493902439024,-0.006097560975831584,1.000050002500125,-0.012195121951219513,0,0.0
314,9999.5,9999.497950819672,-0.002049180327958311,1.000050002500125,-0.004098360655737705,8,1.0
315,9999.5,9999.49948927477,-0.0005107252291054465,1.000050002500125,-0.0010214504596527069,0,0.0
316,9999.5,9999.496446700508,-0.0035532994916138705,1.000050002500125,-0.007106598984771574,0,0.0
317,9999.5,9999.495440729483,-0.004559270517347613,1.000050002500125,-0.00911854103343465,0,0.0
318,9999.5,9999.494939271255,-0.005060728744865628,1.000050002500125,-0.010121457489878543,0,0.0
319,9999.5,9999.490963855422,-0.009036144578203675,1.000050002500125,-0.018072289156626505,0,0.0
320,9999.5,9999.495440729483,-0.004559270517347613,1.000050002500125,-0.00911854103343465,9,1.0
321,9999.5,9999.499497487437,-0.0005025125628890237,1.000050002500125,-0.0010050251256281408,0,0.0
322,9999.5,9999.501501501501,0.0015015015014796518,1.000050002500125,0.003003003003003003,0,0.0
323,9999.5,9999.502497502497,0.0024975024971354287,1.000050002500125,0.004995004995004995,0,0.0
324,9999.5,9999.502994011977,0.0029940119766251883,1.000050002500125,0.005988023952095809,0,0.0
325,9999.5,9999.496551724138,-0.0034482758619560627,1.000050002500125,-0.006896551724137931,0,0.0
326,9999.5,9999.499510284035,-0.000489715965159121,1.000050002500125,-0.0009794319294809011,0,0.0
327,9999.5,9999.500488758553,0.0004887585528194904,1.000050002500125,0.0009775171065493646,0,0.0
328,9999.5,9999.49902534113,-0.0009746588693815283,1.000050002500125,-0.001949317738791423,0,0.0
329,9999.5,9999.49564375605,-0.004356243949587224,1.000050002500125,-0.008712487899322363,0,0.0
330,9999.5,9999.499512195121,-0.0004878048785030842,1.000050002500125,-0.000975609756097561,8,1.0
331,9999.5,9999.502906976744,0.0029069767442706507,1.000050002500125,0.005813953488372093,0,0.0
332,9999.5,9999.501449275362,0.0014492753616650589,1.000050002500125,0.002898550724637681,0,0.0
333,9999.5,9999.496175908222,-0.0038240917783696204,1.000050002500125,-0.0076481835564053535,0,0.0
334,9999.5,9999.497616777884,-0.002383222115895478,1.000050002500125,-0.004766444232602479,0,0.0
335,9999.5,9999.49521072797,-0.004789272030393477,1.000050002500125,-0.009578544061302681,-5,-1.0
336,9999.5,9999.49665711557,-0.0033428844308218686,1.000050002500125,-0.0066857688634192934,0,0.0
337,9999.5,9999.498095238096,-0.001904761904370389,1.000050002500125,-0.0038095238095238095,0,0.0
338,9999.5,9999.496204933586,-0.0037950664136587875,1.000050002500125,-0.007590132827324478,0,0.0
339,9999.5,9999.494328922496,-0.005671077504302957,1.000050002500125,-0.011342155009451797,0,0.0
340,9999.5,9999.498123827392,-0.0018761726078082575,1.000050002500125,-0.00375234521575985,0,0.0
341,9999.5,9999.496725912068,-0.0032740879323682748,1.000050002500125,-0.006548175865294668,0,0.0
342,9999.5,9999.5036900369,0.0036900368995702593,1.000050002500125,0.007380073800738007,0,0.0
343,9999.5,9999.501851851852,0.0018518518518249039,1.000050002500125,0.003703703703703704,-4,-1.0
344,9999.5,9999.504147465437,0.004147465437199571,1.000050002500125,0.008294930875576038,0,0.0
345,9999.5,9999.507892293408,0.007892293408076512,1.000050002500125,0.015784586815227482,8,1.0
346,9999.5,9999.508804448564,0.008804448563751066,1.000050002500125,0.017608897126969416,0,0.0
347,9999.5,9999.502747252747,0.0027472527472127695,1.000050002500125,0.005494505494505495,0,0.0
348,9999.5,9999.499545040946,-0.0004549590539681958,1.000050002500125,-0.0009099181073703367,0,0.0
349,9999.5,9999.496832579185,-0.0031674208148615435,1.000050002500125,-0.006334841628959276,0,0.0
350,9999.5,9999.499549954995,-0.0004500450049818028,1.000050002500125,-0.0009000900090009,0,0.0
351,9999.5,9999.498204667863,-0.001795332136680372,1.000050002500125,-0.003590664272890485,0,0.0
352,9999.5,9999.493200362647,-0.006799637352742138,1.000050002500125,-0.013599274705349048,-11,-1.0
353,9999.5,9999.492307692308,-0.0076923076921957545,1.000050002500125,-0.015384615384615385,0,0.0
354,9999.5,9999.489071038251,-0.010928961748504662,1.000050002500125,-0.02185792349726776,-7,-1.0
355,9999.5,9999.486854034452,-0.013145965547664673,1.000050002500125,-0.02629193109700816,0,0.0
356,9999.5,9999.491464510333,-0.00853548966733797,1.000050002500125,-0.017070979335130278,0,0.0
357,9999.5,9999.494575045208,-0.005424954792033532,1.000050002500125,-0.0108499095840868,7,1.0
358,9999.5,9999.495031616983,-0.004968383016603184,1.000050002500125,-0.00993676603432701,0,0.0
359,9999.5,9999.497302158274,-0.0026978417263308074,1.000050002500125,-0.00539568345323741,0,0.0
360,9999.5,9999.499103942653,-0.0008960573468357325,1.000050002500125,-0.0017921146953405018,0,0.0
361,9999.5,9999.5,0.0,1.000050002500125,0.0,0,0.0
362,9999.5,9999.503552397868,0.0035523978676792467,1.000050002500125,0.007104795737122558,0,0.0
363,9999.5,9999.499552372426,-0.00044762757352145854,1.000050002500125,-0.0008952551477170994,-9,-1.0
364,9999.5,9999.497302158274,-0.0026978417263308074,1.000050002500125,-0.00539568345323741,-5,-1.0
365,9999.5,9999.498654708521,-0.0013452914790832438,1.000050002500125,-0.0026905829596412557,0,0.0
366,9999.5,9999.493200362647,-0.006799637352742138,1.000050002500125,-0.013599274705349048,-12,-1.0
367,9999.5,9999.489648964896,-0.010351035103667527,1.000050002500125,-0.020702070207020702,0,0.0
368,9999.5,9999.488769092542,-0.011230907457502326,1.000050002500125,-0.022461814914645103,0,0.0
369,9999.5,9999.486583184258,-0.013416815741948085,1.000050002500125,-0.026833631484794274,0,0.0
370,9999.5,9999.489323843416,-0.01067615658394061,1.000050002500125,-0.021352313167259787,0,0.0
371,9999.5,9999.49203539823,-0.007964601769344881,1.000050002500125,-0.01592920353982301,0,0.0
372,9999.5,9999.49160035367,-0.008399646330872201,1.000050002500125,-0.016799292661361626,0,0.0
373,9999.5,9999.491166077738,-0.008833922262056149,1.000050002500125,-0.0176678445229682,0,0.0
374,9999.5,9999.488576449912,-0.011423550087783951,1.000050002500125,-0.022847100175746926,0,0.0
375,9999.5,9999.486013986014,-0.013986013986141188,1.000050002500125,-0.027972027972027972,0,0.0
376,9999.5,9999.491789109767,-0.008210890233385726,1.000050002500125,-0.016421780466724288,0,0.0
377,9999.5,9999.488831615121,-0.011168384879056248,1.000050002500125,-0.022336769759450172,0,0.0
378,9999.5,9999.486183074267,-0.013816925733408425,1.000050002500125,-0.027633851468048358,-6,-1.0
379,9999.5,9999.484092863284,-0.015907136716123205,1.000050002500125,-0.03181427343078246,0,0.0
380,9999.5,9999.480785653288,-0.019214346712033148,1.000050002500125,-0.03842869342442357,0,0.0
381,9999.5,9999.4787414966,-0.02125850340053148,1.000050002500125,-0.04251700680272109,0,0.0
382,9999.5,9999.481825866442,-0.01817413355820463,1.000050002500125,-0.03634826711749789,0,0.0
383,9999.5,9999.483136593592,-0.01686340640844719,1.000050002500125,-0.03372681281618887,0,0.0
384,9999.5,9999.481917577796,-0.018082422204315662,1.000050002500125,-0.03616484440706476,0,0.0
385,9999.5,9999.485593220339,-0.014406779660930624,1.000050002500125,-0.0288135593220339,9,1.0
386,9999.5,9999.489057239058,-0.01094276094227098,1.000050002500125,-0.021885521885521887,0,0.0
387,9999.5,9999.49162479062,-0.008375209379664739,1.000050002500125,-0.01675041876046901,0,0.0
388,9999.5,9999.493322203673,-0.006677796327494434,1.000050002500125,-0.01335559265442404,0,0.0
389,9999.5,9999.495805369128,-0.00419463087200711,1.000050002500125,-0.008389261744966443,6,1.0
390,9999.5,9999.49791144528,-0.002088554720103275,1.000050002500125,-0.004177109440267335,0,0.0
391,9999.5,9999.496253122397,-0.003746877602679888,1.000050002500125,-0.00749375520399667,0,0.0
392,9999.5,9999.498327759198,-0.0016722408017812995,1.000050002500125,-0.0033444816053511705,5,1.0
393,9999.5,9999.500831946756,0.0008319467560795601,1.000050002500125,0.0016638935108153079,0,0.0
394,9999.5,9999.50289975145,0.002899751449149335,1.000050002500125,0.00579950289975145,0,0.0
395,9999.5,9999.496320523303,-0.0036794766965613235,1.000050002500125,-0.007358953393295176,0,0.0
396,9999.5,9999.500810372772,0.0008103727723209886,1.000050002500125,0.0016207455429497568,0,0.0
397,9999.5,9999.502021018594,0.00202101859395043,1.000050002500125,0.004042037186742118,0,0.0
398,9999.5,9999.4968,-0.0031999999991967343,1.000050002500125,-0.0064,0,0.0
399,9999.5,9999.491922455574,-0.008077544425759697,1.000050002500125,-0.01615508885298869,-12,-1.0
400,9999.5,9999.492741935484,-0.007258064515553997,1.000050002500125,-0.014516129032258065,0,0.0
401,9999.5,9999.48997594226,-0.010024057739428827,1.000050002500125,-0.020048115477145148,0,0.0
402,9999.5,9999.489191353083,-0.010808646917212172,1.000050002500125,-0.021617293835068056,0,0.0
403,9999.5,9999.488019169328,-0.011980830671745935,1.000050002500125,-0.023961661341853034,0,0.0
404,9999.5,9999.487240829347,-0.012759170653225738,1.000050002500125,-0.025518341307814992,0,0.0
405,9999.5,9999.486077963405,-0.01392203659452207,1.000050002500125,-0.02784407319013524,0,0.0
406,9999.5,9999.485305798253,-0.014694201747261104,1.000050002500125,-0.02938840349483717,0,0.0
407,9999.5,9999.488958990536,-0.011041009463951923,1.000050002500125,-0.022082018927444796,0,0.0
408,9999.5,9999.487038491752,-0.012961508247826714,1.000050002500125,-0.025923016496465043,0,0.0
409,9999.5,9999.488244514107,-0.011755485893445439,1.000050002500125,-0.023510971786833857,0,0.0
410,9999.5,9999.487862176977,-0.012137823023294914,1.000050002500125,-0.02427564604541895,0,0.0
411,9999.5,9999.490937746257,-0.009062253742740722,1.000050002500125,-0.018124507486209612,8,1.0
412,9999.5,9999.492935635793,-0.007064364206598839,1.000050002500125,-0.0141287284144427,0,0.0
413,9999.5,9999.49024199844,-0.009758001560840057,1.000050002500125,-0.0195160031225605,0,0.0
414,9999.5,9999.493012422361,-0.006987577638938092,1.000050002500125,-0.013975155279503106,0,0.0
415,9999.5,9999.490726429676,-0.009273570323784952,1.000050002500125,-0.01854714064914992,0,0.0
416,9999.5,9999.488086087626,-0.01191391237443895,1.000050002500125,-0.02382782475019216,0,0.0
417,9999.5,9999.483320403413,-0.01667959658698237,1.000050002500125,-0.03335919317300233,-12,-1.0
418,9999.5,9999.481825212684,-0.01817478731572919,1.000050002500125,-0.03634957463263728,0,0.0
419,9999.5,9999.484615384616,-0.015384615384391509,1.000050002500125,-0.03076923076923077,0,0.0
420,9999.5,9999.480620155038,-0.019379844961804338,1.000050002500125,-0.03875968992248062,-10,-1.0
421,9999.5,9999.483821263482,-0.016178736517758807,1.000050002500125,-0.032357473035439135,0,0.0
422,9999.5,9999.486983154671,-0.013016845328820636,1.000050002500125,-0.026033690658499236,0,0.0
423,9999.5,9999.486610558532,-0.013389441468461882,1.000050002500125,-0.026778882938026015,0,0.0
424,9999.5,9999.481853281854,-0.018146718146454077,1.000050002500125,-0.036293436293436294,-12,-1.0
425,9999.5,9999.485429447852,-0.014570552148143179,1.000050002500125,-0.029141104294478526,0,0.0
426,9999.5,9999.488567073171,-0.011432926829002099,1.000050002500125,-0.022865853658536585,0,0.0
427,9999.5,9999.488194973343,-0.011805026657384587,1.000050002500125,-0.02361005331302361,0,0.0
428,9999.5,9999.48584544759,-0.014154552409308963,1.000050002500125,-0.028309104820198928,-6,-1.0
429,9999.5,9999.48623853211,-0.013761467889708001,1.000050002500125,-0.027522935779816515,0,0.0
430,9999.5,9999.485496183206,-0.014503816793876467,1.000050002500125,-0.02900763358778626,0,0.0
431,9999.5,9999.484386900229,-0.015613099771144334,1.000050002500125,-0.031226199543031227,0,0.0
432,9999.5,9999.48082822086,-0.01917177914037893,1.000050002500125,-0.03834355828220859,-9,-1.0
433,9999.5,9999.483600305111,-0.016399694888605154,1.000050002500125,-0.03279938977879481,0,0.0
434,9999.5,9999.484779299848,-0.015220700151985511,1.000050002500125,-0.030441400304414,0,0.0
435,9999.5,9999.487897125568,-0.012102874432457611,1.000050002500125,-0.024205748865355523,0,0.0
436,9999.5,9999.493642483172,-0.006357516827847576,1.000050002500125,-0.012715033657442034,0,0.0
437,9999.5,9999.494776119403,-0.0052238805965316715,1.000050002500125,-0.010447761194029851,0,0.0
438,9999.5,9999.491839762612,-0.008160237388437963,1.000050002500125,-0.016320474777448073,0,0.0
439,9999.5,9999.48966026588,-0.010339734120861976,1.000050002500125,-0.0206794682422452,0,0.0
440,9999.5,9999.486784140969,-0.013215859031333821,1.000050002500125,-0.02643171806167401,0,0.0
441,9999.5,9999.492743105951,-0.007256894048623508,1.000050002500125,-0.01451378809869376,0,0.0
442,9999.5,9999.495670995671,-0.004329004328610608,1.000050002500125,-0.008658008658008658,0,0.0
443,9999.5,9999.500714285714,0.0007142857139115222,1.000050002500125,0.0014285714285714286,0,0.0
444,9999.5,9999.499287749288,-0.0007122507122403476,1.000050002500125,-0.0014245014245014246,0,0.0
445,9999.5,9999.501789549033,0.0017895490327646257,1.000050002500125,0.0035790980672870437,7,1.0
446,9999.5,9999.50462633452,0.0046263345193438,1.000050002500125,0.009252669039145907,0,0.0
447,9999.5,9999.506732813607,0.006732813606504351,1.000050002500125,0.013465627214741318,0,0.0
448,9999.5,9999.505657708629,0.005657708628859837,1.000050002500125,0.011315417256011316,0,0.0
449,9999.5,9999.503875968992,0.0038759689923608676,1.000050002500125,0.007751937984496124,0,0.0
450,9999.5,9999.505617977527,0.005617977527435869,1.000050002500125,0.011235955056179775,0,0.0
451,9999.5,9999.502092050208,0.00209205020837544,1.000050002500125,0.0041841004184100415,0,0.0
452,9999.5,9999.499306518725,-0.0006934812754479935,1.000050002500125,-0.0013869625520110957,0,0.0
453,9999.5,9999.49861495845,-0.001385041550747701,1.000050002500125,-0.002770083102493075,0,0.0
454,9999.5,9999.496551724138,-0.0034482758619560627,1.000050002500125,-0.006896551724137931,0,0.0
455,9999.5,9999.494845360825,-0.00515463917508896,1.000050002500125,-0.010309278350515464,0,0.0
456,9999.5,9999.493150684932,-0.00684931506839348,1.000050002500125,-0.0136986301369863,0,0.0
457,9999.5,9999.494880546075,-0.005119453924635309,1.000050002500125,-0.010238907849829351,0,0.0
458,9999.5,9999.497256515775,-0.0027434842249931535,1.000050002500125,-0.0054869684499314125,7,1.0
459,9999.5,9999.497601096642,-0.002398903357970994,1.000050002500125,-0.004797806716929404,0,0.0
460,9999.5,9999.494550408719,-0.005449591280921595,1.000050002500125,-0.010899182561307902,0,0.0
461,9999.5,9999.496949152543,-0.003050847457416239,1.000050002500125,-0.006101694915254237,0,0.0
462,9999.5,9999.495605138607,-0.004394861392938765,1.000050002500125,-0.00878972278566599,0,0.0
463,9999.5,9999.49527027027,-0.004729729729660903,1.000050002500125,-0.00945945945945946,0,0.0
464,9999.5,9999.494935854153,-0.005064145847427426,1.000050002500125,-0.01012829169480081,0,0.0
465,9999.5,9999.498995311453,-0.0010046885472547729,1.000050002500125,-0.0020093770931011385,0,0.0
466,9999.5,9999.501000667111,0.0010006671109294984,1.000050002500125,0.0020013342228152103,0,0.0
467,9999.5,9999.501333333334,0.001333333333604969,1.000050002500125,0.0026666666666666666,0,0.0
468,9999.5,9999.499665551839,-0.00033444816108385567,1.000050002500125,-0.0006688963210702341,-5,-1.0
469,9999.5,9999.497005988023,-0.0029940119766251883,1.000050002500125,-0.005988023952095809,0,0.0
470,9999.5,9999.494374586367,-0.005625413632515119,1.000050002500125,-0.011250827266710787,0,0.0
471,9999.5,9999.494047619048,-0.005952380952294334,1.000050002500125,-0.011904761904761904,0,0.0
472,9999.5,9999.492744063324,-0.007255936676301644,1.000050002500125,-0.014511873350923483,0,0.0
473,9999.5,9999.497713912475,-0.002286087525135372,1.000050002500125,-0.0045721750489875895,0,0.0
474,9999.5,9999.497064579256,-0.0029354207435972057,1.000050002500125,-0.005870841487279843,0,0.0
475,9999.5,9999.499675535366,-0.0003244646341045154,1.000050002500125,-0.0006489292667099286,0,0.0
476,9999.5,9999.500970873787,0.0009708737870823825,1.000050002500125,0.001941747572815534,0,0.0
477,9999.5,9999.500646830531,0.0006468305309681455,1.000050002500125,0.00129366106080207,0,0.0
478,9999.5,9999.495518565942,-0.00448143405810697,1.000050002500125,-0.008962868117797696,0,0.0
479,9999.5,9999.498089171975,-0.001910828024847433,1.000050002500125,-0.003821656050955414,0,0.0
480,9999.5,9999.496507936508,-0.003492063491648878,1.000050002500125,-0.006984126984126984,0,0.0
481,9999.5,9999.499052432091,-0.0009475679089518962,1.000050002500125,-0.0018951358180669614,0,0.0
482,9999.5,9999.50313283208,0.0031328320801549125,1.000050002500125,0.006265664160401002,0,0.0
483,9999.5,9999.500623441396,0.0006234413958736695,1.000050002500125,0.0012468827930174563,0,0.0
484,9999.5,9999.501245330013,0.0012453300132619916,1.000050002500125,0.0024906600249066002,0,0.0
485,9999.5,9999.500621890547,0.0006218905473360792,1.000050002500125,0.0012437810945273632,0,0.0
486,9999.5,9999.504385964912,0.0043859649122168776,1.000050002500125,0.008771929824561403,12,1.0
487,9999.5,9999.505006257823,0.005006257822969928,1.000050002500125,0.010012515644555695,0,0.0
488,9999.5,9999.50593379138,0.005933791380812181,1.000050002500125,0.011867582760774516,0,0.0
489,9999.5,9999.507471980074,0.007471980074114981,1.000050002500125,0.014943960149439602,0,0.0
490,9999.5,9999.507778469197,0.007778469196637161,1.000050002500125,0.015556938394523958,0,0.0
491,9999.5,9999.508084577114,0.00808457711355004,1.000050002500125,0.01616915422885572,0,0.0
492,9999.5,9999.508390304536,0.008390304536078474,1.000050002500125,0.01678060907395898,0,0.0
493,9999.5,9999.507165109035,0.007165109034758643,1.000050002500125,0.014330218068535825,-4,-1.0
494,9999.5,9999.504649721017,0.004649721016903641,1.000050002500125,0.009299442033477991,0,0.0
495,9999.5,9999.502469135803,0.002469135803039535,1.000050002500125,0.0049382716049382715,0,0.0
496,9999.5,9999.501849568434,0.0018495684344088659,1.000050002500125,0.0036991368680641184,0,0.0
497,9999.5,9999.502463054187,0.002463054186591762,1.000050002500125,0.0049261083743842365,0,0.0
498,9999.5,9999.498168498169,-0.0018315018314751796,1.000050002500125,-0.003663003663003663,0,0.0
499,9999.5,9999.498474679684,-0.001525320316432044,1.000050002500125,-0.003050640634533252,0,0.0
500,9999.5,9999.49726110773,-0.0027388922699174145,1.000050002500125,-0.005477784540474742,0,0.0
